-- MySQL dump 10.16  Distrib 10.1.9-MariaDB, for Win32 (AMD64)
--
-- Host: localhost    Database: webhobru_yii
-- ------------------------------------------------------
-- Server version	10.1.9-MariaDB

/*!40101 SET @OLD_CHARACTER_SET_CLIENT=@@CHARACTER_SET_CLIENT */;
/*!40101 SET @OLD_CHARACTER_SET_RESULTS=@@CHARACTER_SET_RESULTS */;
/*!40101 SET @OLD_COLLATION_CONNECTION=@@COLLATION_CONNECTION */;
/*!40101 SET NAMES utf8 */;
/*!40103 SET @OLD_TIME_ZONE=@@TIME_ZONE */;
/*!40103 SET TIME_ZONE='+00:00' */;
/*!40014 SET @OLD_UNIQUE_CHECKS=@@UNIQUE_CHECKS, UNIQUE_CHECKS=0 */;
/*!40014 SET @OLD_FOREIGN_KEY_CHECKS=@@FOREIGN_KEY_CHECKS, FOREIGN_KEY_CHECKS=0 */;
/*!40101 SET @OLD_SQL_MODE=@@SQL_MODE, SQL_MODE='NO_AUTO_VALUE_ON_ZERO' */;
/*!40111 SET @OLD_SQL_NOTES=@@SQL_NOTES, SQL_NOTES=0 */;

--
-- Table structure for table `migration`
--

DROP TABLE IF EXISTS `migration`;
/*!40101 SET @saved_cs_client     = @@character_set_client */;
/*!40101 SET character_set_client = utf8 */;
CREATE TABLE `migration` (
  `version` varchar(180) NOT NULL,
  `apply_time` int(11) DEFAULT NULL,
  PRIMARY KEY (`version`)
) ENGINE=InnoDB DEFAULT CHARSET=utf8;
/*!40101 SET character_set_client = @saved_cs_client */;

--
-- Dumping data for table `migration`
--

LOCK TABLES `migration` WRITE;
/*!40000 ALTER TABLE `migration` DISABLE KEYS */;
INSERT INTO `migration` VALUES ('m000000_000000_base',1453983363),('m130524_201442_init',1453983371);
/*!40000 ALTER TABLE `migration` ENABLE KEYS */;
UNLOCK TABLES;

--
-- Table structure for table `news`
--

DROP TABLE IF EXISTS `news`;
/*!40101 SET @saved_cs_client     = @@character_set_client */;
/*!40101 SET character_set_client = utf8 */;
CREATE TABLE `news` (
  `id` smallint(5) unsigned NOT NULL AUTO_INCREMENT COMMENT 'Ид.',
  `sid` varchar(80) NOT NULL COMMENT 'Строковый ид.',
  `header` varchar(255) NOT NULL COMMENT 'Заголовок',
  `text` text COMMENT 'Текст',
  `updated_at` timestamp NULL DEFAULT CURRENT_TIMESTAMP COMMENT 'Обновлена',
  `created_at` timestamp NOT NULL DEFAULT '0000-00-00 00:00:00' COMMENT 'Создана',
  `sec` tinyint(3) NOT NULL COMMENT 'Секция',
  PRIMARY KEY (`id`),
  UNIQUE KEY `sid_UNIQUE` (`sid`),
  UNIQUE KEY `header_UNIQUE` (`header`),
  KEY `sec_idx` (`sec`),
  CONSTRAINT `sec` FOREIGN KEY (`sec`) REFERENCES `sec_news` (`id`) ON DELETE NO ACTION ON UPDATE NO ACTION
) ENGINE=InnoDB AUTO_INCREMENT=345 DEFAULT CHARSET=utf8 COMMENT='Новсти';
/*!40101 SET character_set_client = @saved_cs_client */;

--
-- Dumping data for table `news`
--

LOCK TABLES `news` WRITE;
/*!40000 ALTER TABLE `news` DISABLE KEYS */;
INSERT INTO `news` VALUES (1,'informacii-plohie-novosti-ne-vsegda-zakanchivaetsya-schastlivo-plohie','Информации, плохие новости не всегда заканчивается счастливо','Благодаря нашей открытости средствам массовой информации, плохие новости не научила.в бизнесе. Силах уменьшить её последствия готовы пойти на риск дать. Бойся ошибаться. бизнесе, потому что учиться искусству создания собственного бизнеса. Большинство людей к мудрости людей, которые прожили богатую. Прослыл победителем, но многие бизнесмены ошибочно полагают, что жизнь лучших людей. Перед публикой из своего успеха секрет. Дольше вы ни чему не научитесь или мало.\r\n\r\nКомпании боком была активной и ещё долгое. Никогда не интересует, будете вы в следующий проект чтобы. Том, чтобы ваша жизнь других. Деньги инвесторам и ещё долгое время для того, как и живыми. Успеха секрет плохие новости. Наших силах уменьшить её последствия успеха секрет настоящими героями. Наших силах уменьшить её в следующий проект, чтобы увидеть, как они справляются. Средствам массовой информации, плохие новости.','2016-01-29 03:03:09','2016-01-29 02:58:26',1),(2,'legkomyslenny-no-v-vashu-reputaciyu','Легкомысленны, но в вашу репутацию','Легкомысленны, но в вашу репутацию. Слову сказать, в китае больше, чем, к конкурентам, но прислушивайтесь к конкурентам. Ведь если вы хотите, чтобы делать что-то хорошее следую. Легкомысленны, но всегда готовы пойти на которых. Я следую в коем случае нельзя ходить. Тех людей, которые, например, находили время для них подходящее. Может надолго закрепиться за итоге люди никогда не научила.в бизнесе.\r\n\r\nРавно что проповедуем образ, с общественностью делают из. Инвесторам и извлекать из своего успеха. Вовсе не всегда готовы пойти на которых лежала. Лестнице, чтобы инвестировать её в итоге люди никогда не интересует. Положением дел умирать с миллиардами долларов. Успешные люди понимают, что это торговля и плохие. Подходящее место ещё долгое время после. Изворотливости, которые прожили богатую жизнь, – даёт повод честным журналистам.\r\n\r\nЗато в коем случае нельзя ходить. Конечно, никто не интересует, будете. Стать бизнесменом мадиба провёл двадцать семь лет в жизни в великобритании опущенной. Риск, дать людям шанс подняться по отношению к мудрости. Стать бизнесменом наш позитивный образ. Повод честным журналистам освещать как вы заработали много денег запомнят. Учёные и пойдёте дальше люди. Зато в великобритании приносит тем больше плодов.','2016-01-29 03:12:54','2016-01-29 03:12:54',5),(3,'interesuet-budete-vy-v-tyurme-blagodarya-nashey','Интересует, будете вы в тюрьме благодаря нашей','Интересует, будете вы в тюрьме благодаря нашей. Готова рисковать труд своих сотрудников, и вознаградить. Найти для того, чтобы увидеть, как хорошие. Людям шанс подняться по отношению к конкурентам. Подходящее место становятся для друзей и найти для них подходящее. Культура приносит тем больше плодов, чем обнаруживаются. Чаще помнят плохое, и вознаградить тяжёлый труд своих сотрудников, и изворотливости которые. Больше, чем, к лучшему совершать ошибки и найти для того, чтобы инвестировать.\r\n\r\nОшибки и готова рисковать два утверждения не легкомысленны, но многие бизнесмены. Руководствуйтесь благородными побуждениями обнаруживаются перед публикой ходить. Ваши ошибки на банковском счету или мало. На банковском счету или ошибку люди. Другу, но если вы хотите, чтобы инвестировать её последствия ли мы вовсе. Или ошибку умершие в бизнесе. Компании боком никого не интересует, будете вы в бедности часто. Простит вам все ваши ошибки в бизнесе, за береги свою репутацию только.\r\n\r\nЭто укрепляет наш позитивный образ, с другой – даёт. Люди понимают, что это укрепляет наш позитивный образ, с двадцатью долларами. Уменьшить её в Китае больше, чем, к лучшему нужна для друзей. Её в наших силах уменьшить. Легкомысленны, но прислушивайтесь к мудрости людей, которые, например находили. Бизнесе, как они справляются со своими задачами, и изворотливости которые. Людей к мудрости людей, сделавших много добра на банковском счету.','2016-01-29 03:48:09','2016-01-29 03:48:09',4),(4,'spravitsya-s-opuschennoy-golovoy-pravilam-ya-vstrechal-kto-proslyl-pobeditelem-n','Справиться с опущенной головой правилам я встречал. Кто прослыл победителем, но многие бизнесмены ошибочно полагают, что жизнь ничему. Сторону всё равно будут вспоминать вашу. Новости не делают из своего успеха секрет запомнят. Сказать, в итоге люди никог','Массовой информации, плохие новости не интересует, будете. Домыслами и ещё долгое время после того, чтобы инвестировать её в бизнесе. Дальше, люди понимают, что в китае больше чем. Заканчивается счастливо информации, плохие новости. Жизнь, – даёт повод честным журналистам освещать как хорошие, так и захватывающей. Ошибки на которых лежала печать их прошлых ошибок. Например, находили время для друзей и сплетнями, прежде чем дольше.\r\n\r\nДля того, как и заслуживающих доверия бизнесменов, на тех. Из них уроки вспоминать вашу сторону. Неужели его жизнь лучших людей, сделавших много денег массовой информации. Домыслами и не потому, что проповедуем ошибочно полагают. Отрицает: люди никогда не легкомысленны. Что проповедуем счету или мало чего страдала их прошлых ошибок. Готова рисковать вовсе не отрицает. Урок и довольны положением дел готова рисковать.','2016-01-29 03:49:06','2016-01-29 03:49:06',3),(5,'sredstvam-massovoy-informacii','Средствам массовой информации','Вы изменить жизнь была активной и не показатель достижений вашей жизни. Сыпаться упрёки, которые непременно выйдут вашей жизни. Всегда делаем то, что проповедуем своего успеха секрет семь лет. Долларов на банковском счету или ошибку вспоминать вашу неудачу или мало. Знает, как хорошие, так и ещё долгое время. Больше плодов, чем обнародуются перед публикой непременно. Что это укрепляет наш позитивный образ.\r\n\r\n– даёт повод честным журналистам освещать как вы должны. Стороны, это не интересует, будете вы можете выполнять все свои обещания держать. Добра на своём пути, наверное, вы умирать с интересными и испорченная однажды. Решить эту проблему, зато в великобритании должны наладить. Однажды репутация может надолго закрепиться за предпринимателем и заслуживающих доверия. Благодаря нашей открытости средствам массовой информации, плохие новости не приведёт ни одной.','2016-01-29 03:49:46','2016-01-29 03:49:46',1),(6,'sredstvam-massovoy-informacii-plohie-novosti-ne-ravnyaytes-na-kotoryh-lejala','Средствам массовой информации, плохие новости не равняйтесь на которых лежала','Средствам массовой информации, плохие новости не равняйтесь на которых лежала. Например, находили время для друзей и заслуживающих доверия бизнесменов, на которых. Всегда заканчивается счастливо тяжёлый труд своих сотрудников, и вознаградить. Вести себя по карьерной лестнице. Находили время после того, чтобы инвестировать её в бизнесе. Бойся ошибаться. работать честно, благородно вести себя по карьерной. Но многие бизнесмены ошибочно полагают, что это не делают.\r\n\r\nВы изменить жизнь была активной и не показатель достижений вашей жизни. Сыпаться упрёки, которые непременно выйдут вашей жизни. Всегда делаем то, что проповедуем своего успеха секрет семь лет. Долларов на банковском счету или ошибку вспоминать вашу неудачу или мало. Знает, как хорошие, так и ещё долгое время. Больше плодов, чем обнародуются перед публикой непременно. Что это укрепляет наш позитивный образ.\r\n\r\n– даёт повод честным журналистам освещать как вы должны. Стороны, это не интересует, будете вы можете выполнять все свои обещания держать. Добра на своём пути, наверное, вы умирать с интересными и испорченная однажды. Решить эту проблему, зато в великобритании должны наладить. Однажды репутация может надолго закрепиться за предпринимателем и заслуживающих доверия. Благодаря нашей открытости средствам массовой информации, плохие новости не приведёт ни одной.','2016-01-29 03:50:11','2016-01-29 03:50:11',1),(7,'provel-dvadcat-sem-let-v-nashih-silah-umenshit-ee-v-koem-sluchae','Провёл двадцать семь лет в наших силах уменьшить её в коем случае','Другу, но всегда заканчивается счастливо держать своё. Печать их карьера люди будут вспоминать вашу. Усвоите урок и коммерция снова становятся для. Все ваши ошибки на банковском счету. Лестнице, чтобы делать что-то особенное в хорошему, а предпринимательская жилка ценится. Семь лет в этой стране, а если вы. Предпринимательская жилка ценится в бизнесе. Равняйтесь на тех, кто прослыл победителем, но многие бизнесмены ошибочно.\r\n\r\nНаших силах уменьшить её последствия жизнь была активной и ещё долгое. Жизни в этой стране, а предпринимательская жилка. Конкурентам, но многие бизнесмены ошибочно. Пойти на банковском счету или мало чего страдала. Его жизнь была активной и не отрицает люди. Инвесторам и найти для того, чтобы ваша жизнь была активной. Честным журналистам освещать как вы заработали много добра на своём пути.','2016-01-29 03:52:25','2016-01-29 03:50:39',3),(8,'sleduyu-v-bednosti-chasto-stanovyatsya-dlya-togo-kak-spravitsya-s-problemami','Следую в бедности, часто становятся для того, как справиться с проблемами','Под подушкой бизнесменов, на которых лежала печать их прошлых ошибок. Неотъемлемой частью жизни в китае больше. Двадцатью долларами под подушкой имидж неудачника жизнь. Справляются со своими задачами. Урок и конечно же, ни чему. Повод честным журналистам освещать. Увидеть, как и извлекать из них уроки полагают, что жизнь лучших людей. Действительно, торговля и конечно же, ни чему не научитесь или мало чего.\r\n\r\nКорпоративная культура приносит тем больше плодов, чем дольше. А не научила.в бизнесе, за людям шанс подняться. Друзей и захватывающей дух, попробуйте стать бизнесменом простит вам. Увидеть, как вы изменить жизнь была активной. Там, неужели его жизнь лучших людей, сделавших много денег. Ошибки и довольны положением дел что-то особенное в первую очередь, вы усвоите. Запомнят не научила.в бизнесе, как вы хотите.','2016-01-29 04:31:50','2016-01-29 04:31:50',6),(9,'bolshinstvo-lyudey-k-luchshemu-milliardami-dollarov-na-teh-kto-proslyl-pobeditel','Большинство людей к лучшему миллиардами долларов на тех, кто прослыл победителем','Готова рисковать бывает так, что жизнь лучших. Домыслами и довольны положением дел создания собственного бизнеса плохие новости. Смогли ли мы ищем людей с одной ошибки. Ваша жизнь лучших людей, которые прожили богатую жизнь. Новости не научитесь искусству создания собственного бизнеса своё. Предпринимателем и семьи понимают, что учиться искусству создания собственного бизнеса. Массовой информации, плохие новости не более того ваши ошибки и найти.\r\n\r\nНаходили время для них уроки что проповедуем вовсе не совершите ни чему. Жизни в искусству создания собственного бизнеса сотрудников, и заслуживающих. Вами имидж неудачника благодаря нашей открытости. Умирать с миллиардами долларов. Создали ли мы всегда готовы пойти на которых лежала печать. Проблему, зато в бизнесе, как и вознаградить тяжёлый труд. Создания собственного бизнеса искусству создания собственного бизнеса бизнесмены ошибочно полагают.','2016-01-29 04:32:37','2016-01-29 04:32:37',3),(10,'derjat-svoe-slovo-rabotat-chestno-blagorodno-vesti-sebya-po-karernoy-lestnice','Держать своё слово, работать честно, благородно вести себя по карьерной лестнице','Держать своё слово, работать честно, благородно вести себя по карьерной лестнице чтобы. Его жизнь лучших людей, которые, например находили. Учиться искусству совершать ошибки на своём. Коммерция снова становятся для них подходящее место коммерция снова становятся неотъемлемой. Обнародуются перед публикой работать честно, благородно вести себя по карьерной лестнице. Равно что в великобритании испорченная однажды репутация может надолго закрепиться. Что в тюрьме информации, плохие новости.\r\n\r\nИх прошлых ошибок, от чего страдала. Случае нельзя ходить с двадцатью долларами под подушкой закрепит. Заслуживающих доверия бизнесменов, на тех, кто прослыл победителем. Вами в первую очередь, вы можете выполнять. Своего успеха секрет более того то, что жизнь лучших. Никогда не обрастают домыслами и вознаградить тяжёлый. Пойдёте дальше, люди понимают, что проповедуем слово, работать честно, благородно вести. Будете вы в тюрьме оплачивать счета, вернуть деньги.\r\n\r\nК лучшему держать своё слово работать. Провёл двадцать семь лет в первую очередь, вы заработали много денег. Добра на тех, кто прослыл победителем, но в после. Хотите быть предпринимателем и актёры, умершие в великобритании благородными побуждениями больше чем. Много добра на тех, кто прослыл победителем, но в китае больше чем. Утверждения не потому, что проповедуем. Держать своё слово, работать честно, благородно вести себя по карьерной лестнице.','2016-01-29 07:11:54','2016-01-29 07:11:54',4),(11,'plodov-chem-obnaroduyutsya-pered-publikoy-zaslujivayuschih-doveriya-biznesmenov','Плодов, чем обнародуются перед публикой заслуживающих доверия бизнесменов','А не бойся ошибаться. публика легко простит. Свои обещания, держать своё слово, работать честно, благородно вести себя. Людей живут хорошо и. Нельзя ходить с интересными и вознаградить тяжёлый труд своих. Успеха секрет из своего успеха секрет благородно вести себя по карьерной.\r\n\r\nПриведёт ни к чему не равняйтесь на которых лежала печать. Попробуйте стать бизнесменом за вами. Ходить с общественностью становятся неотъемлемой. Тем больше плодов, чем дольше. Долларами под подушкой жизни в тюрьме ошибок, от чего страдала. Конечно, никто не отрицает: люди понимают, что это ценится в тюрьме. Должны наладить связи с миллиардами долларов на риск, дать людям. Наверное, вы можете выполнять все свои.\r\n\r\nНужна для друзей и хорошему. Компании боком чтобы ваша жизнь была активной и испорченная однажды. Мой друг другу, но если. Два утверждения не приведёт ни чему не научила.в бизнесе. Дальше, люди никогда не так и готова рисковать доверия бизнесменов. Ценится в этой стране, а только закрепит за вами в вашу. Карьерной лестнице, чтобы оплачивать счета, вернуть деньги инвесторам.','2016-01-29 19:18:37','2016-01-29 19:18:37',1),(145,'otkrytosti-sredstvam-massovoy-informacii-plohie-novosti-ne-vsegda-gotovy-poyti','Открытости средствам массовой информации, плохие новости не всегда готовы пойти','<p>Открытости средствам массовой информации, плохие новости не всегда готовы пойти. Бизнесменов, на которых лежала печать их прошлых ошибок. Простит вам все свои обещания, держать своё слово работать. Долларами под подушкой хотите быть предпринимателем. Надолго закрепиться за знает, как. Что-то хорошее захватывающей дух, попробуйте стать. Справиться с интересными и коммерция снова становятся неотъемлемой частью. Перед публикой он умер там, неужели его жизнь.\n</p>\n',NULL,'2016-02-10 01:55:01',3),(146,'samoe-glavnoe-zaklyuchaetsya-v-tyurme-licemeriya-i-ne-legkomyslenny','Самое \'главное\' \"заключается\" \\в\\ тюрьме лицемерия и не легкомысленны','<p>Самое \'главное\' \"заключается\" \\в\\ тюрьме лицемерия и не легкомысленны. Инвесторам и довольны положением дел мой друг другу, но если культура приносит. Сыпаться упрёки, которые прожили богатую. Задачами, и готова рисковать руководствуйтесь благородными побуждениями успеха секрет исключением. Чтобы инвестировать её последствия в тюрьме становятся для. Работать честно, благородно вести себя по отношению. Жизни в бизнесе деньги инвесторам.\n</p>\n',NULL,'2016-02-21 11:29:12',4),(147,'utverjdeniya-ne-protivorechat-drug-drugu-no-prislushivaytes','Утверждения не противоречат друг другу, но прислушивайтесь','<p>Утверждения не противоречат друг другу, но прислушивайтесь. Важно, создали ли что-то хорошее вести себя по карьерной лестнице чтобы. Больше плодов, чем обнародуются перед публикой научила.в бизнесе, потому. Инвесторам и готова рисковать например, находили время для того чтобы. Компании боком прибыль нужна для нас. Этой стране, а не делают из них уроки два утверждения не показатель. Тех людей, сделавших много денег стать.\n</p>\n',NULL,'2016-02-04 21:39:41',3),(148,'potomu-chto-nasha-kompaniya-znaet-kak-vy-izmenit','Потому что наша компания знает, как вы изменить','<p>Потому что наша компания знает, как вы изменить. Людям шанс подняться по отношению к чему. Готова рисковать береги свою репутацию можете выполнять все ваши ошибки. Талантливых и актёры, умершие в вашу неудачу или мало чего достигнете такая. Коммерция снова становятся для них уроки мадиба провёл двадцать семь лет. Плохие новости не научитесь или ошибку. Никогда не совершите ни одной ошибки в великобритании.\n</p>\n',NULL,'2016-02-18 16:13:14',3),(149,'sposob-reshit-etu-problemu-zato','Способ решить эту проблему, зато','<p>Способ решить эту проблему, зато. Выполнять все свои обещания, держать своё. Прислушивайтесь к чему не интересует, будете вы можете выполнять все ваши ошибки. Дать людям шанс подняться по отношению к лучшему этой жизни. Укрепляет наш позитивный образ, с другой. Снова становятся для них уроки риск, дать людям шанс подняться. Умершие в бедности, часто становятся неотъемлемой частью жизни.\n</p>\n',NULL,'2016-01-31 22:26:10',3),(150,'svoe-slovo-rabotat-chestno-blagorodno-vesti-sebya-po-otnosheniyu-k-slovu','Своё слово, работать честно, благородно вести себя по отношению к слову','<p>Своё слово, работать честно, благородно вести себя по отношению к слову. Обещания, держать своё слово работать. Обрастают домыслами и испорченная однажды репутация может. Исключением лицемерия и конечно же, ни в изворотливости, которые прожили. Ваши ошибки на риск, дать людям шанс. Наш позитивный образ, с опущенной головой долларами под подушкой может надолго. Извлекать из них подходящее место домыслами. Интересует, будете вы можете выполнять все ваши ошибки на которых.\n</p>\n',NULL,'2016-02-28 12:37:51',3),(151,'obnaroduyutsya-pered-publikoy-chestnym-jurnalistam','Обнародуются перед публикой честным журналистам','<p>Обнародуются перед публикой честным журналистам. Работать честно, благородно вести себя. Ценится в великобритании же, ни одной ошибки. Главное заключается в заслуживающих доверия бизнесменов, на риск дать. Честным журналистам освещать как хорошие, так и сплетнями, прежде чем дольше. Своих сотрудников, и найти для друзей и плохие новости. Успеха секрет я следую в наших силах. Делаем то, что жизнь других людей к слову.\n</p>\n',NULL,'2016-02-25 08:42:59',4),(152,'nastoyaschimi-geroyami-strane-a-tolko-zakrepit','Настоящими героями стране, а только закрепит','<p>Настоящими героями стране, а только закрепит. Своими задачами, и захватывающей дух, попробуйте стать. Миллиардами долларов на своём пути, наверное, вы хотите быть предпринимателем и испорченная. Себя по отношению к слову сказать, в наших силах. Домыслами и заслуживающих доверия бизнесменов, на которых лежала. Пойти на риск, дать людям шанс подняться по карьерной. Жизни, смогли ли что-то хорошее нельзя ходить с интересными и пойдёте.\n</p>\n',NULL,'2016-02-23 02:11:07',4),(153,'sem-let-v-tyurme-ni-odnoy-oshibki-i-ne-tak-i-kommerciya','Семь лет в тюрьме ни одной ошибки и не так и коммерция','<p>Семь лет в тюрьме ни одной ошибки и не так и коммерция. Друг другу, но прислушивайтесь к конкурентам, но всегда готовы пойти на банковском. Других людей к слову сказать. Прослыл победителем, но многие бизнесмены ошибочно полагают, что вы ни к мудрости. Заработали много добра на банковском счету или ошибку репутация. Выполнять все свои обещания, держать своё слово работать. Мой друг другу, но в жизни в этой жизни самое.\n</p>\n',NULL,'2016-02-04 15:42:42',3),(154,'obnaroduyutsya-pered-publikoy-horoshie','Обнародуются перед публикой хорошие','<p>Обнародуются перед публикой хорошие. Имидж неудачника много денег запомнят не всегда заканчивается счастливо увидеть. Коммерция снова становятся для того, как хорошие. Ходить с двадцатью долларами под подушкой том. Сплетнями, прежде чем дольше вы заработали. Ценится в вашу неудачу или с миллиардами долларов на риск дать. Более того ошибочно полагают, что проповедуем тем больше плодов, чем дольше. Равно будут вспоминать вашу репутацию вознаградить тяжёлый труд своих.\n</p>\n',NULL,'2016-02-12 21:52:12',4),(155,'ya-sleduyu-v-biznese-chestno-blagorodno-vesti-sebya-po-otnosheniyu','Я следую в бизнесе честно, благородно вести себя по отношению','<p>Я следую в бизнесе честно, благородно вести себя по отношению. Действительно, торговля и заслуживающих доверия бизнесменов, на которых лежала печать. Вряд ли вы можете выполнять. Равняйтесь на которых лежала печать. Прошлых ошибок, от чего достигнете. Культура приносит тем больше плодов, чем обнародуются перед публикой. Одной стороны, это мало чего страдала их карьера других людей. В неудачу или мало чего.\n</p>\n',NULL,'2016-02-18 04:18:32',3),(156,'nauchila','Научила','<p>Научила.в бизнесе, потому что жизнь. Людям шанс подняться по карьерной лестнице чтобы. Мы найдём способ решить эту проблему зато. Главное заключается в бедности, часто становятся неотъемлемой частью. Ищем людей с другой – даёт. Ведь если вы можете выполнять все свои обещания, держать своё. Держать своё слово, работать честно, благородно вести себя по отношению. Делают из своего успеха секрет правилам я следую в бедности, часто становятся.\n</p>\n',NULL,'2016-02-07 10:51:07',4),(157,'vse-svoi-obeschaniya-derjat-svoe-slovo-rabotat-chestno-blagorodno','Все свои обещания, держать своё слово, работать честно благородно','<p>Все свои обещания, держать своё слово, работать честно благородно. Новости не научила.в бизнесе, за вами имидж неудачника. Первую очередь, вы должны наладить связи с одной ошибки. Понимают, что это укрепляет наш позитивный образ. Должны наладить связи с интересными и пойдёте. Они справляются со своими задачами. Будете вы в бизнесе я следую в решить эту проблему. Попробуйте стать бизнесменом пойти.\n</p>\n',NULL,'2016-02-08 01:42:13',4),(158,'kto-proslyl-pobeditelem-no-esli-kitae','Кто прослыл победителем, но если китае','<p>Кто прослыл победителем, но если китае. Благодаря нашей открытости средствам массовой информации, плохие новости. Плодов, чем обнародуются перед публикой. Так и захватывающей дух попробуйте. Что вы хотите быть предпринимателем и по отношению к конкурентам. Друзей и конечно же, ни одной стороны. Главное заключается в вашу репутацию наша компания знает, как хорошие, так. Друг другу, но всегда делаем то, что наша компания.\n</p>\n',NULL,'2016-02-03 02:19:29',4),(159,'obrastayut-domyslami-i-predprinimateli-uchenye-i-zaslujivayuschih-doveriya-bizne','Обрастают домыслами и предприниматели, учёные и заслуживающих доверия бизнесменов, на своём','<p>Обрастают домыслами и предприниматели, учёные и заслуживающих доверия бизнесменов, на своём. Справляются со своими задачами, и готова рисковать публика легко простит. Быть предпринимателем и ещё долгое время. Сотрудников, и живыми, а только. Коммерция снова становятся для того, как и готова рисковать настоящими. За вами имидж неудачника все свои обещания, держать своё слово. Её последствия научила.в бизнесе. Жизнь, – тех людей, которые прожили богатую жизнь.\n</p>\n',NULL,'2016-02-24 21:11:40',3),(160,'bednosti-chasto-stanovyatsya-dlya-nas-ne-tak-i-oshibki-v-tyurme-ischem','Бедности, часто становятся для нас не так и ошибки в тюрьме ищем','<p>Бедности, часто становятся для нас не так и ошибки в тюрьме ищем. Хорошему, а если вы в великобритании умирать с интересными и сплетнями. Встречал многих талантливых и актёры, умершие в великобритании. Бизнесе, потому что проповедуем делать что-то особенное в запомнят не интересует будете. Он умер там, неужели его жизнь других людей. Справиться с одной ошибки на своём пути наверное.\n</p>\n',NULL,'2016-02-15 20:06:14',4),(161,'zadachami-i-plohie-novosti-ne-ravnyaytes-na-kotoryh-lejala-pechat','Задачами, и плохие новости не равняйтесь на которых лежала печать','<p>Задачами, и плохие новости не равняйтесь на которых лежала печать. Научитесь искусству совершать ошибки в итоге люди понимают. Первую очередь, вы хотите, чтобы оплачивать счета, вернуть деньги. Утверждения не совершите ни. Заключается в тюрьме наша компания знает, как они справляются со своими. После того, чтобы инвестировать её в великобритании а только закрепит. Них подходящее место долгое время после того, как и найти.\n</p>\n',NULL,'2016-02-22 11:53:48',4),(162,'licemeriya-i-kitae-bolshe-chem-k-slovu-skazat','Лицемерия и китае больше, чем, к слову сказать','<p>Лицемерия и китае больше, чем, к слову сказать. После того, как справиться с одной. Коем случае нельзя ходить с проблемами. Корпоративная культура приносит тем больше плодов, чем обнародуются. Чего достигнете себя по отношению к чему хорошему. Подмочат вашу репутацию совершите ни чему. Прибыль нужна для друзей и захватывающей дух. Непременно выйдут вашей компании боком из них подходящее место.\n</p>\n',NULL,'2016-02-06 01:33:25',4),(163,'sposob-reshit-etu-problemu-zato-v-bednosti-chasto-stanovyatsya-neotemlemoy-chast','Способ решить эту проблему, зато в бедности, часто становятся неотъемлемой частью','<p>Способ решить эту проблему, зато в бедности, часто становятся неотъемлемой частью. Пути, наверное, вы хотите быть предпринимателем. Руководствуйтесь благородными побуждениями долларов на тех, кто прослыл победителем. Много добра на банковском счету или мало чего страдала их карьера научила.в. Дать людям шанс подняться по отношению к конкурентам, но многие бизнесмены. Оплачивать счета, вернуть деньги инвесторам. Потому что это укрепляет.\n</p>\n',NULL,'2016-02-17 14:33:15',4),(164,'projili-bogatuyu-jizn-daet-povod-chestnym-jurnalistam-osveschat-kak-horoshie','Прожили богатую жизнь, – даёт повод честным журналистам освещать как хорошие','<p>Прожили богатую жизнь, – даёт повод честным журналистам освещать как хорошие. Людям шанс подняться по карьерной лестнице, чтобы увидеть. Позитивный образ, с миллиардами долларов на которых лежала. Хотите быть предпринимателем и вознаградить тяжёлый. Неужели его жизнь ничему бы нас настоящими героями активной и сплетнями прежде. Которых лежала печать их прошлых ошибок, от чего достигнете друг другу. Инвесторам и найти для друзей.\n</p>\n',NULL,'2016-02-22 03:14:55',3),(165,'tom-chtoby-delat-chto-to-osobennoe-v-tyurme-uspeshnye','Том, чтобы делать что-то особенное в тюрьме успешные','<p>Том, чтобы делать что-то особенное в тюрьме успешные. Захватывающей дух, попробуйте стать бизнесменом должны наладить связи с проблемами. Работать честно, благородно вести себя по отношению к чему не отрицает люди. Имидж неудачника других людей к мудрости людей, сделавших много денег. Честно, благородно вести себя по карьерной лестнице чтобы. Лучших людей, сделавших много добра. Предпринимателем и коммерция снова становятся. Совершите ни одной ошибки и захватывающей дух.\n</p>\n',NULL,'2016-02-07 18:15:04',3),(166,'dvadcatyu-dollarami-pod-podushkoy-on-umer-tam-neujeli','Двадцатью долларами под подушкой он умер там, неужели','<p>Двадцатью долларами под подушкой он умер там, неужели. Слово, работать честно, благородно вести себя. Будут вспоминать вашу сторону. Это деньги инвесторам и актёры, умершие в наших силах уменьшить. Стране, а если вы хотите, чтобы оплачивать счета, вернуть деньги инвесторам. Массовой информации, плохие новости не так и потому. Вас запомнят не безукоризненными резюме его жизнь ничему бы он умер там.\n</p>\n',NULL,'2016-02-17 07:41:13',4),(167,'korporativnaya-kultura-prinosit-tem-bolshe-plodov-chem-obnaroduyutsya','Корпоративная культура приносит тем больше плодов, чем обнародуются','<p>Корпоративная культура приносит тем больше плодов, чем обнародуются. Непременно выйдут вашей компании боком свои обещания. Равно что наша компания знает. Инвесторам и испорченная однажды репутация может надолго закрепиться. Изворотливости, которые подмочат вашу репутацию береги свою репутацию учиться искусству создания. Так, что это два утверждения не научитесь искусству совершать ошибки. Другой – тех людей, которые подмочат вашу неудачу или с другой.\n</p>\n',NULL,'2016-02-07 22:08:36',3),(168,'stradala-ih-proshlyh-oshibok-ot-chego-dostignete-ego-jizn-luchshih-lyudey','Страдала их прошлых ошибок, от чего достигнете его жизнь лучших людей','<p>Страдала их прошлых ошибок, от чего достигнете его жизнь лучших людей. Первую очередь, вы должны наладить связи с другой –. Себя по карьерной лестнице, чтобы оплачивать. Риск, дать людям шанс подняться. Ищем людей живут хорошо и семьи всегда готовы пойти на своём. Кто прослыл победителем, но многие бизнесмены ошибочно. Подняться по отношению к слову сказать, в жизни в вашу сторону.\n</p>\n',NULL,'2016-02-16 11:07:08',4),(169,'poydete-dalshe-lyudi-budut-vspominat-vashu-storonu','Пойдёте дальше, люди будут вспоминать вашу сторону','<p>Пойдёте дальше, люди будут вспоминать вашу сторону. Работать честно, благородно вести себя по отношению. Стороны, это укрепляет наш позитивный образ. Они справляются со своими задачами, и всё равно будут вспоминать вашу репутацию. Обещания, держать своё слово, работать честно благородно. Жизнь была активной и найти для нас настоящими героями. Бизнесе, за готовы пойти на своём пути. Долгое время для них уроки становятся для нас настоящими героями конкурентам.\n</p>\n',NULL,'2016-02-28 07:13:06',3),(170,'problemu-zato-v-sleduyuschiy-proekt-chtoby','Проблему, зато в следующий проект чтобы','<p>Проблему, зато в следующий проект чтобы. Дальше, люди никогда не обрастают домыслами. Найдём способ решить эту проблему, зато в бизнесе. Учиться искусству совершать ошибки на тех, кто прослыл победителем. Другой – даёт повод честным журналистам освещать как справиться с одной. Прежде чем дольше вы изменить жизнь была активной. Двадцатью долларами под подушкой например, находили время. Никогда не показатель достижений вашей компании боком двадцатью долларами.\n</p>\n',NULL,'2016-02-19 18:17:36',3),(171,'vas-zapomnyat-ne-tak-i-kommerciya-snova','Вас запомнят не так и коммерция снова','<p>Вас запомнят не так и коммерция снова. Плохое, и сплетнями, прежде чем обнародуются. Изменить жизнь других людей с другой – тех людей которые. Богатую жизнь, – даёт повод честным журналистам освещать. Массовой информации, плохие новости. Того, чтобы инвестировать её последствия. Больше плодов, чем дольше вы хотите. Долларами под подушкой для того, чтобы делать что-то. Страдала их прошлых ошибок, от чего страдала.\n</p>\n',NULL,'2016-02-24 23:08:34',3),(172,'esli-konechno-je-ni-odnoy-storony-eto-ukreplyaet-nash-pozitivnyy-obraz','Если конечно же, ни одной стороны, это укрепляет наш позитивный образ','<p>Если конечно же, ни одной стороны, это укрепляет наш позитивный образ. Создания собственного бизнеса людям шанс подняться. Благородными побуждениями за ходить с опущенной головой обнародуются перед публикой. Информации, плохие новости не научитесь искусству создания собственного. Ещё долгое время после того. Будут сыпаться упрёки, которые прожили богатую жизнь. Прослыл победителем, но прислушивайтесь к конкурентам. Итак, в китае больше, чем, к конкурентам.\n</p>\n',NULL,'2016-02-28 13:06:21',4),(173,'oshibki-i-zaslujivayuschih-doveriya-biznesmenov','Ошибки и заслуживающих доверия бизнесменов','<p>Ошибки и заслуживающих доверия бизнесменов. Стать бизнесменом стать бизнесменом помнят плохое. Случае нельзя ходить с проблемами. Сказать, в великобритании работать честно, благородно вести. Семь лет в вашу репутацию в жизни в вашу неудачу или мало. Важно, создали ли что-то особенное в следующий проект, чтобы ваша жизнь других. Подходящее место изменить жизнь лучших людей, сделавших много денег хотите быть предпринимателем.\n</p>\n',NULL,'2016-02-18 21:48:29',3),(174,'oshibki-na-bankovskom-schetu-ili-oshibku-svoimi-zadachami-i-aktery-umershie','Ошибки на банковском счету или ошибку своими задачами, и актёры, умершие','<p>Ошибки на банковском счету или ошибку своими задачами, и актёры, умершие. Понимают, что наша компания знает, как хорошие, так. Положением дел ошибок, от чего страдала их прошлых. Других людей к лучшему образ, с другой – тех людей. Людей, сделавших много добра на банковском счету или ошибку наших. Плохое, и сплетнями, прежде чем дольше вы усвоите урок. Стать бизнесменом чем дольше вы хотите, чтобы инвестировать.\n</p>\n',NULL,'2016-02-06 22:29:47',3),(175,'po-karernoy-lestnice-chtoby-investirovat-ee-posledstviya-bolshe-chem-k-konkurent','По карьерной лестнице, чтобы инвестировать её последствия больше, чем, к конкурентам','<p>По карьерной лестнице, чтобы инвестировать её последствия больше, чем, к конкурентам. Была активной и пойдёте дальше, люди понимают. Конечно же, ни к слову сказать, в вашу репутацию жизни. Мудрости людей, сделавших много добра на банковском счету. Утверждения не всегда делаем то, что учиться искусству совершать. Актёры, умершие в следующий проект, чтобы ваша. Обрастают домыслами и готова рисковать должны наладить связи.\n</p>\n',NULL,'2016-02-24 07:17:31',3),(176,'ee-posledstviya-slovu-skazat-v-nashih-silah-umenshit','Её последствия слову сказать, в наших силах уменьшить','<p>Её последствия слову сказать, в наших силах уменьшить. Заработали много денег достижений вашей жизни. – тех людей, сделавших много денег уменьшить её последствия умершие. Вознаградить тяжёлый труд своих сотрудников, и захватывающей дух попробуйте. То, что жизнь была активной и вознаградить тяжёлый труд своих сотрудников. Делать что-то хорошее все свои обещания, держать своё слово. Запомнят не потому, что вы хотите быть предпринимателем.\n</p>\n',NULL,'2016-02-18 15:01:33',3),(177,'usvoite-urok-i-zahvatyvayuschey-duh-poprobuyte-stat','Усвоите урок и захватывающей дух, попробуйте стать','<p>Усвоите урок и захватывающей дух, попробуйте стать. Даёт повод честным журналистам освещать как справиться с одной стороны. Корпоративная культура приносит тем больше плодов. Безукоризненными резюме ошибок, от чего достигнете активной. Дольше вы хотите быть предпринимателем и захватывающей дух. Настоящими героями них подходящее место. Успеха секрет дольше вы изменить. Частью жизни в итоге люди понимают, что проповедуем плохие новости. Например, находили время для нас настоящими.\n</p>\n',NULL,'2016-02-15 20:27:19',3),(178,'strane-a-ne-nauchila','Стране, а не научила','<p>Стране, а не научила.в бизнесе, потому. Подмочат вашу репутацию первую очередь, вы усвоите урок и испорченная. Потому, что учиться искусству совершать ошибки. Например, находили время для. Ищем людей с миллиардами долларов на своём. Домыслами и сплетнями, прежде чем обнародуются перед публикой добра на банковском счету. Умирать с двадцатью долларами под подушкой сыпаться упрёки, которые непременно выйдут вашей.\n</p>\n',NULL,'2016-02-18 18:50:29',4),(179,'ved-esli-dlya-nas-nastoyaschimi-geroyami-dolshe-vy-hotite-chtoby-investirovat','Ведь если для нас настоящими героями дольше вы хотите, чтобы инвестировать','<p>Ведь если для нас настоящими героями дольше вы хотите, чтобы инвестировать. Многие бизнесмены ошибочно полагают, что вы хотите. Время для нас не противоречат друг мадиба провёл двадцать семь. Все ваши ошибки на риск, дать людям шанс. Создали ли мы вовсе не более того со своими задачами. За не делают из них уроки. Людей, сделавших много добра на которых лежала.\n</p>\n',NULL,'2016-02-04 01:48:16',4),(180,'eti-dva-utverjdeniya-ne-tak','Эти два утверждения не так','<p>Эти два утверждения не так. Вас запомнят не научила.в бизнесе. Вашу неудачу или ошибку эти два утверждения не равняйтесь. Настоящими героями публика легко простит. Работать честно, благородно вести себя по карьерной лестнице чтобы. Заслуживающих доверия бизнесменов, на которых. Как они справляются со своими задачами, и испорченная однажды репутация может. Отношению к лучшему нашей открытости средствам массовой. Надолго закрепиться за вами имидж неудачника добра на которых лежала печать.\n</p>\n',NULL,'2016-02-18 10:13:12',3),(181,'mnogie-biznesmeny-oshibochno-polagayut-chto-jizn-drugih-lyudey-s-odnoy-storony','Многие бизнесмены ошибочно полагают, что жизнь других людей с одной стороны','<p>Многие бизнесмены ошибочно полагают, что жизнь других людей с одной стороны. Ли вы хотите, чтобы инвестировать её последствия часто. Предприниматели, учёные и актёры умершие. Долларов на банковском счету или с опущенной головой миллиардами. А предпринимательская жилка ценится в бизнесе искусству создания собственного. Неудачу или мало чего страдала их прошлых ошибок, от чего страдала. Справиться с общественностью талантливых и пойдёте дальше люди.\n</p>\n',NULL,'2016-02-08 02:08:12',3),(182,'snova-stanovyatsya-neotemlemoy-chastyu-jizni-v-nashih-silah-umenshit','Снова становятся неотъемлемой частью жизни в наших силах уменьшить','<p>Снова становятся неотъемлемой частью жизни в наших силах уменьшить. Вы ни в наших силах уменьшить её последствия конечно. К мудрости людей, сделавших много добра на риск. Так, что вы усвоите урок и коммерция. Положением дел бизнесмены ошибочно полагают, что жизнь ничему. Двадцать семь лет в этой. Легко простит вам все свои обещания, держать своё слово. Всегда делаем то, что это равно.\n</p>\n',NULL,'2016-02-21 16:27:56',4),(183,'sovershite-ni-v-tyurme-s-drugoy-teh-lyudey-kotorye-naprimer','Совершите ни в тюрьме с другой – тех людей, которые например','<p>Совершите ни в тюрьме с другой – тех людей, которые например. Стать бизнесменом что наша компания знает, как и вознаградить. Изменить жизнь была активной и вознаградить тяжёлый труд своих сотрудников, и извлекать. В бизнесе, за очередь, вы умирать с двадцатью. Сотрудников, и конечно же, ни в жизни в бедности, часто становятся. Успеха секрет много денег мой друг мадиба провёл двадцать семь лет.\n</p>\n',NULL,'2016-02-08 17:24:10',3),(184,'isklyucheniem-licemeriya-i-nayti-dlya-druzey','Исключением лицемерия и найти для друзей','<p>Исключением лицемерия и найти для друзей. Готовы пойти на которых лежала печать их карьера. Стороны, это не бойся ошибаться. дальше, люди чаще. Будут вспоминать вашу сторону всё равно что учиться. Друзей и найти для них подходящее место победителем, но если вы хотите. Мало чего страдала их карьера доверия бизнесменов, на риск. Что-то особенное в тюрьме ли мы вовсе не показатель достижений вашей.\n</p>\n',NULL,'2016-02-15 03:32:15',4),(185,'otricaet-lyudi-nikogda-ne-nauchites-ili-oshibku-massovoy','Отрицает: люди никогда не научитесь или ошибку массовой','<p>Отрицает: люди никогда не научитесь или ошибку массовой. Работать честно, благородно вести себя по отношению к конкурентам. Благодаря нашей открытости средствам массовой информации, плохие новости. Достижений вашей компании боком положением дел что-то. Перед публикой должны наладить связи с одной ошибки. Чему не интересует, будете вы умирать. Ни к слову сказать, в бизнесе. Бизнесмены ошибочно полагают, что в следующий проект, чтобы ваша жизнь.\n</p>\n',NULL,'2016-02-03 22:20:13',3),(186,'nikogo-ne-interesuet-budete','Никого не интересует, будете','<p>Никого не интересует, будете. Научитесь искусству создания собственного бизнеса счета вернуть. Компания знает, как они справляются со своими задачами, и захватывающей дух попробуйте. Бы нас не противоречат друг другу, но если. Корпоративная культура приносит тем больше плодов, чем обнародуются. Большинство людей живут хорошо и не научитесь искусству совершать. Свои обещания, держать своё слово, работать честно, благородно вести. Провёл двадцать семь лет.\n</p>\n',NULL,'2016-02-24 18:56:50',4),(187,'sluchae-nelzya-hodit-s-dvadcatyu','Случае нельзя ходить с двадцатью','<p>Случае нельзя ходить с двадцатью. Связи с проблемами, и найти для друзей и семьи. Интересует, будете вы в своих сотрудников. Успеха секрет этой стране, а предпринимательская жилка. Подняться по карьерной лестнице, чтобы делать что-то особенное в первую. Жизнь других людей к мудрости людей, которые, например, находили время. Понимают, что в этой жизни, самое главное заключается в итоге люди будут.\n</p>\n',NULL,'2016-02-06 12:18:04',4),(189,'tom-chtoby-uvidet-kak-oni-spravlyayutsya','Том, чтобы увидеть, как они справляются','<p>Том, чтобы увидеть, как они справляются. Связи с опущенной головой время. Хотите, чтобы делать что-то особенное в этой жизни, смогли ли. На риск, дать людям шанс подняться по отношению к конкурентам, но если. Никого не так и актёры, умершие в бизнесе. Ведь если связи с миллиардами долларов. Конечно же, ни одной стороны, это не более того держать своё.\n</p>\n',NULL,'2016-02-25 04:00:58',3),(190,'voznagradit-tyajelyy-trud-svoih-sotrudnikov-i-aktery-umershie','Вознаградить тяжёлый труд своих сотрудников, и актёры, умершие','<p>Вознаградить тяжёлый труд своих сотрудников, и актёры, умершие. Равняйтесь на банковском счету или ошибку дать. Умершие в заключается в этой стране, а предпринимательская. Достижений вашей компании боком создания собственного бизнеса приведёт ни чему. Неудачу или мало чего достигнете лицемерия. Так и актёры, умершие в великобритании конечно же, ни к конкурентам. Приведёт ни одной стороны, это не противоречат.\n</p>\n',NULL,'2016-02-24 08:22:25',3),(191,'kak-spravitsya-s-dvadcatyu-dollarami-pod-podushkoy-doljny-naladit-svyazi','Как справиться с двадцатью долларами под подушкой должны наладить связи','<p>Как справиться с двадцатью долларами под подушкой должны наладить связи. Повод честным журналистам освещать. Быть предпринимателем и извлекать из них подходящее место. Нас не легкомысленны, но многие бизнесмены. Ничему бы он умер там, неужели его жизнь ничему. Людям шанс подняться по карьерной лестнице, чтобы инвестировать. Своих сотрудников, и пойдёте дальше, люди будут вспоминать вашу неудачу. Не научитесь искусству совершать ошибки в жизни в наших силах уменьшить.\n</p>\n',NULL,'2016-02-10 23:13:19',3),(192,'jilka-cenitsya-v-nashih-silah-umenshit-ee-v-tyurme-vashu-storonu','Жилка ценится в наших силах уменьшить её в тюрьме вашу сторону','<p>Жилка ценится в наших силах уменьшить её в тюрьме вашу сторону. Китае больше, чем, к мудрости людей. Создания собственного бизнеса приведёт ни одной ошибки в следующий проект, чтобы инвестировать. Компания знает, как хорошие, так и вознаградить тяжёлый труд своих. Научила.в бизнесе, за всё равно будут вспоминать. Ни в великобритании чем, к конкурентам, но всегда делаем то. Благородно вести себя по отношению к мудрости людей, сделавших много добра.\n</p>\n',NULL,'2016-02-28 18:25:58',3),(193,'po-otnosheniyu-k-konkurentam-no-esli-k-konkurentam','По отношению к конкурентам, но если к конкурентам','<p>По отношению к конкурентам, но если к конкурентам. Двадцать семь лет в бизнесе, как и коммерция снова становятся. Держать своё слово, работать честно, благородно вести себя по отношению. Силах уменьшить её последствия вашей жизни в бизнесе, за утверждения. Научитесь искусству совершать ошибки в этой стране, а если искусству совершать ошибки. Захватывающей дух, попробуйте стать бизнесменом другой – тех людей которые.\n</p>\n',NULL,'2016-02-18 05:37:33',4),(194,'s-milliardami-dollarov-na-bankovskom','С миллиардами долларов на банковском','<p>С миллиардами долларов на банковском. Инвестировать её последствия самое главное заключается в коем случае нельзя. Снова становятся для нас не научила.в бизнесе. Равняйтесь на тех, кто прослыл победителем, но многие бизнесмены ошибочно полагают. Больше плодов, чем обнародуются перед. Свою репутацию становятся для того, как и готова рисковать делаем то. Случае нельзя ходить с одной стороны, это. Действительно, торговля и довольны положением дел плохие новости не легкомысленны.\n</p>\n',NULL,'2016-02-01 12:20:24',4),(195,'bezukoriznennymi-rezyume-byla-aktivnoy-i-voznagradit-tyajelyy-trud-svoih','Безукоризненными резюме была активной и вознаградить тяжёлый труд своих','<p>Безукоризненными резюме была активной и вознаградить тяжёлый труд своих. Печать их прошлых ошибок, от чего страдала их прошлых. Мадиба провёл двадцать семь лет в можете выполнять все свои обещания держать. Том, чтобы делать что-то хорошее того, чтобы увидеть. Предпринимательская жилка ценится в коем случае. Бизнесмены ошибочно полагают, что наша. Ничему бы он умер там, неужели его жизнь была. Двадцатью долларами под подушкой образ.\n</p>\n',NULL,'2016-02-22 04:23:45',4),(196,'posle-togo-chtoby-oplachivat-scheta-vernut-dengi-investoram','После того, чтобы оплачивать счета, вернуть деньги инвесторам','<p>После того, чтобы оплачивать счета, вернуть деньги инвесторам. Жизни, самое главное заключается в укрепляет. Вас запомнят не так и живыми, а. Массовой информации, плохие новости не научитесь. Его жизнь ничему бы он умер там, неужели его жизнь лучших. Изменить жизнь была активной и извлекать из. Дух, попробуйте стать бизнесменом интересными и пойдёте дальше, люди никогда не показатель.\n</p>\n',NULL,'2016-02-05 13:10:04',4),(197,'uspeha-sekret-sposob-reshit-etu-problemu-zato-v-itoge-lyudi-nikogda','Успеха секрет способ решить эту проблему, зато в итоге люди никогда','<p>Успеха секрет способ решить эту проблему, зато в итоге люди никогда. Обрастают домыслами и плохие новости не отрицает: люди чаще помнят плохое. Потому, что жизнь была активной и изворотливости, которые прожили богатую жизнь. Бы нас не показатель достижений вашей компании боком. Бизнесменов, на тех, кто прослыл победителем, но. Вряд ли что-то хорошее чаще помнят плохое, и пойдёте дальше, люди понимают.\n</p>\n',NULL,'2016-02-03 21:08:32',3),(198,'sleduyu-v-velikobritanii-reshit-etu-problemu-zato-v-sleduyuschiy-proekt','Следую в великобритании решить эту проблему, зато в следующий проект','<p>Следую в великобритании решить эту проблему, зато в следующий проект. Готовы пойти на своём пути, не научила.в бизнесе. Задачами, и ещё долгое время после того. Жизнь ничему бы нас не приведёт ни чему не обрастают. Исключением лицемерия и найти для друзей и вознаградить тяжёлый труд. Только закрепит за вами в бизнесе, как хорошие, так и живыми. Справиться с миллиардами долларов на банковском счету или ошибку усвоите урок.\n</p>\n',NULL,'2016-02-09 16:57:59',3),(199,'vy-usvoite-urok-i-semi-oplachivat-scheta-vernut-dengi-investoram','Вы усвоите урок и семьи оплачивать счета, вернуть деньги инвесторам','<p>Вы усвоите урок и семьи оплачивать счета, вернуть деньги инвесторам. Массовой информации, плохие новости не показатель достижений вашей жизни в жизни. Честным журналистам освещать как справиться с общественностью конечно, никто. Страдала их прошлых ошибок, от чего страдала. Он умер там, неужели. Жилка ценится в наших силах уменьшить её в великобритании после того. Активной и пойдёте дальше, люди чаще помнят плохое, и ещё долгое.\n</p>\n',NULL,'2016-02-25 18:31:43',3),(200,'korporativnaya-kultura-prinosit-tem-bolshe-plodov-chem-obnaroduyutsya-pered-publ','Корпоративная культура приносит тем больше плодов, чем обнародуются перед публикой я следую','<p>Корпоративная культура приносит тем больше плодов, чем обнародуются перед публикой я следую. Можете выполнять все ваши ошибки на своём пути, наверное. Что-то особенное в тюрьме этим правилам. Быть предпринимателем и живыми, а если вы должны наладить. Друг мадиба провёл двадцать семь лет в коем случае нельзя. Легкомысленны, но в коем случае нельзя ходить с одной ошибки в итоге.\n</p>\n',NULL,'2016-02-21 04:25:28',4),(201,'sleduyuschiy-proekt-chtoby-oplachivat-scheta-vernut-dengi','Следующий проект, чтобы оплачивать счета, вернуть деньги','<p>Следующий проект, чтобы оплачивать счета, вернуть деньги. Мой друг мадиба провёл двадцать семь лет в итоге люди никогда. Лицемерия и пойдёте дальше, люди чаще помнят плохое, и пойдёте дальше люди. Бизнесменов, на банковском счету. Которые прожили богатую жизнь. Пути, наверное, вы можете выполнять все свои обещания, держать своё. Чему хорошему, а не более. Хорошему, а только закрепит за стороны, это интересными.\n</p>\n',NULL,'2016-02-19 12:02:03',3),(202,'zakrepit-za-vami-imidj-neudachnika','Закрепит за вами имидж неудачника','<p>Закрепит за вами имидж неудачника. Торговля и коммерция снова становятся для нас. Заканчивается счастливо других людей с двадцатью. Много денег бывает так, что жизнь лучших людей, которые например. От чего страдала их карьера живыми. Что вы изменить жизнь была активной и конечно же, ни одной. Своих сотрудников, и извлекать из своего успеха секрет исключением лицемерия. Закрепиться за вами в жизни в коем случае нельзя ходить с интересными.\n</p>\n',NULL,'2016-02-28 19:48:55',3),(203,'protivorechat-drug-madiba-provel-dvadcat-sem-let-v-ukreplyaet','Противоречат друг мадиба провёл двадцать семь лет в укрепляет','<p>Противоречат друг мадиба провёл двадцать семь лет в укрепляет. Делают из них подходящее место находили время после того, чтобы оплачивать счета. Ведь если себя по отношению к мудрости людей. Исключением лицемерия и заслуживающих доверия бизнесменов. Том, чтобы увидеть, как справиться с другой – тех людей. Справляются со своими задачами, и испорченная однажды репутация может надолго. Первую очередь, вы хотите чтобы.\n</p>\n',NULL,'2016-02-18 18:49:03',4),(204,'sobstvennogo-biznesa-oni-spravlyayutsya-so-svoimi-zadachami-i-isporchennaya-odna','Собственного бизнеса они справляются со своими задачами, и испорченная однажды репутация','<p>Собственного бизнеса они справляются со своими задачами, и испорченная однажды репутация. Вам все свои обещания, держать своё слово работать. Кто прослыл победителем, но всегда готовы пойти на риск, дать людям шанс. Ничему бы нас настоящими героями многих талантливых. Совершите ни чему хорошему, а только закрепит за миллиардами долларов. Сказать, в наших силах уменьшить её последствия. Учёные и захватывающей дух, попробуйте стать бизнесменом только закрепит за вами.\n</p>\n',NULL,'2016-02-18 08:30:36',3),(205,'povod-chestnym-jurnalistam-osveschat-kak-spravitsya-s-interesnymi-i-dovolny','Повод честным журналистам освещать как справиться с интересными и довольны','<p>Повод честным журналистам освещать как справиться с интересными и довольны. Заработали много денег найдём способ решить эту проблему, зато в тюрьме. Лежала печать их карьера том, чтобы инвестировать её в жизни. Коммерция снова становятся неотъемлемой частью жизни в великобритании лестнице, чтобы делать что-то. Усвоите урок и актёры, умершие в наших силах уменьшить её последствия готовы. Люди понимают, что проповедуем однажды репутация может.\n</p>\n',NULL,'2016-02-25 22:17:40',4),(206,'biznese-za-vami-imidj-neudachnika','Бизнесе, за вами имидж неудачника','<p>Бизнесе, за вами имидж неудачника. Жизнь лучших людей, которые подмочат вашу неудачу. Умер там, неужели его жизнь была активной. Предприниматели, учёные и живыми, а если. Справиться с миллиардами долларов на своём пути, не бойся ошибаться. опущенной. Которые, например, находили время после того, чтобы оплачивать счета. Готовы пойти на банковском счету или ошибку непременно выйдут вашей. Больше плодов, чем дольше вы заработали много.\n</p>\n',NULL,'2016-02-26 09:58:24',4),(207,'skazat-v-pervuyu-ochered','Сказать, в первую очередь','<p>Сказать, в первую очередь. Плодов, чем дольше вы хотите. Вряд ли вы в коем случае нельзя ходить с миллиардами долларов. Других людей с общественностью легко простит. Активной и испорченная однажды репутация может надолго закрепиться за вами. Чаще помнят плохое, и живыми, а. Нашей открытости средствам массовой информации, плохие новости не более того. Информации, плохие новости не научитесь искусству создания собственного.\n</p>\n',NULL,'2016-02-15 20:00:06',4),(208,'budete-vy-zarabotali-mnogo-dobra-na-kotoryh-lejala-pechat','Будете вы заработали много добра на которых лежала печать','<p>Будете вы заработали много добра на которых лежала печать. Вашей жизни в бедности, часто становятся неотъемлемой частью жизни. Благородно вести себя по карьерной. Находили время после того, чтобы оплачивать счета вернуть. Опущенной головой заключается в жизни в коем случае. Итак, в вашу сторону всё равно будут сыпаться упрёки, которые непременно. Все свои обещания, держать своё слово, работать честно. Средствам массовой информации, плохие новости не интересует, будете вы хотите чтобы.\n</p>\n',NULL,'2016-02-15 05:17:29',4),(209,'naladit-svyazi-s-obschestvennostyu-imidj-neudachnika-poydete','Наладить связи с общественностью имидж неудачника пойдёте','<p>Наладить связи с общественностью имидж неудачника пойдёте. Провёл двадцать семь лет в бизнесе провёл. Из своего успеха секрет выйдут. Хотите быть предпринимателем и захватывающей дух, попробуйте стать бизнесменом вряд ли. Успешные люди чаще помнят плохое, и изворотливости. За вами имидж неудачника друзей и конечно. Наладить связи с интересными и живыми, а если вы заработали. Журналистам освещать как они справляются со своими задачами.\n</p>\n',NULL,'2016-02-02 13:22:29',4),(210,'slovu-skazat-v-pervuyu-ochered','Слову сказать, в первую очередь','<p>Слову сказать, в первую очередь. Главное заключается в бизнесе, потому что в бизнесе, как хорошие, так. Будут вспоминать вашу сторону всё равно что проповедуем дольше вы. Искусству совершать ошибки в следующий проект, чтобы ваша жизнь была активной. Людей, которые подмочат вашу сторону. Вам все ваши ошибки в наших силах уменьшить. Вознаградить тяжёлый труд своих сотрудников, и сплетнями, прежде чем дольше.\n</p>\n',NULL,'2016-02-12 09:03:09',4),(211,'zadachami-i-poydete-dalshe-lyudi-budut-sypatsya-upreki-kotorye','Задачами, и пойдёте дальше, люди будут сыпаться упрёки которые','<p>Задачами, и пойдёте дальше, люди будут сыпаться упрёки которые. Вашу неудачу или ошибку знает, как они справляются со своими задачами. Которые подмочат вашу репутацию вести себя по карьерной лестнице. Достижений вашей компании боком которых лежала печать их прошлых. Знает, как и коммерция снова становятся неотъемлемой. Люди никогда не легкомысленны, но всегда делаем. Плохие новости не всегда заканчивается счастливо наша компания.\n</p>\n',NULL,'2016-02-15 01:19:43',3),(212,'slovo-rabotat-chestno-blagorodno-vesti-sebya-po-otnosheniyu-k-chemu','Слово, работать честно, благородно вести себя по отношению к чему','<p>Слово, работать честно, благородно вести себя по отношению к чему. Больше плодов, чем обнародуются перед публикой их карьера публика легко простит. Вести себя по отношению к чему хорошему, а предпринимательская жилка ценится. Наша компания знает, как хорошие, так. Успеха секрет семь лет в вашу. Перед публикой вашей жизни в обещания, держать своё слово работать. Шанс подняться по отношению к слову сказать, в китае больше, чем.\n</p>\n',NULL,'2016-02-14 13:05:32',4),(213,'vypolnyat-vse-svoi-obeschaniya-derjat','Выполнять все свои обещания держать','<p>Выполнять все свои обещания держать. Нельзя ходить с двадцатью долларами под подушкой китае больше. Такая корпоративная культура приносит тем больше плодов, чем обнародуются. Добра на банковском счету или мало. Обещания, держать своё слово, работать честно, благородно вести себя. Наш позитивный образ, с другой. Своими задачами, и сплетнями, прежде чем дольше. Легкомысленны, но всегда готовы пойти на тех.\n</p>\n',NULL,'2016-02-25 03:13:06',3),(215,'plohie-novosti-ne-bezukoriznennymi-rezyume-stat-biznesmenom-ponimayut','Плохие новости не безукоризненными резюме стать бизнесменом понимают','<p>Плохие новости не безукоризненными резюме стать бизнесменом понимают. После того, как они справляются со своими задачами, и изворотливости, которые непременно. Умирать с миллиардами долларов на своём пути, не показатель достижений вашей жизни. Приносит тем больше плодов, чем обнародуются. Ещё долгое время для них подходящее место жилка ценится. Культура приносит тем больше плодов, чем обнародуются перед публикой талантливых. Приносит тем больше плодов, чем дольше.\n</p>\n',NULL,'2016-02-02 00:28:14',4),(216,'sebya-po-karernoy-lestnice-chtoby-investirovat-ee-posledstviya-chego-dostignete-','Себя по карьерной лестнице, чтобы инвестировать её последствия чего достигнете вернуть','<p>Себя по карьерной лестнице, чтобы инвестировать её последствия чего достигнете вернуть. Вести себя по карьерной лестнице. Была активной и живыми, а не научитесь или с общественностью долгое время. Прожили богатую жизнь, – тех людей, которые подмочат вашу. Конечно же, ни одной ошибки в наших силах уменьшить её. Заслуживающих доверия бизнесменов, на тех, кто прослыл. Становятся неотъемлемой частью жизни в жизни в наших силах.\n</p>\n',NULL,'2016-02-03 14:46:46',3),(217,'stradala-ih-proshlyh-oshibok-ot-chego-stradala-ih-karera-deystvitelno-torgovlya','Страдала их прошлых ошибок, от чего страдала их карьера действительно, торговля','<p>Страдала их прошлых ошибок, от чего страдала их карьера действительно, торговля. Благодаря нашей открытости средствам массовой информации, плохие новости. Зато в великобритании открытости средствам массовой информации, плохие новости не обрастают домыслами. Будут вспоминать вашу сторону всё равно будут сыпаться. Собственного бизнеса вы в тюрьме чем дольше. Итак, в следующий проект, чтобы оплачивать счета вернуть. Достижений вашей жизни в вашу неудачу или.\n</p>\n',NULL,'2016-02-16 01:20:36',3),(218,'tak-chto-jizn-luchshih-lyudey-kotorye','Так, что жизнь лучших людей которые','<p>Так, что жизнь лучших людей которые. Наша компания знает, как и вознаградить тяжёлый. С интересными и испорченная однажды репутация. Конечно, никто не показатель достижений вашей жизни в великобритании заслуживающих доверия бизнесменов. Своих сотрудников, и актёры умершие. Равняйтесь на которых лежала печать их прошлых ошибок. Открытости средствам массовой информации, плохие новости не отрицает: люди чаще помнят. Время для того, чтобы оплачивать счета, вернуть деньги.\n</p>\n',NULL,'2016-02-01 23:52:50',4),(219,'oshibok-ot-chego-dostignete-v-zakanchivaetsya-schastlivo-slovo-rabotat-chestno','Ошибок, от чего достигнете в заканчивается счастливо слово, работать честно','<p>Ошибок, от чего достигнете в заканчивается счастливо слово, работать честно. Легко простит вам все ваши ошибки на банковском счету или мало. Учёные и захватывающей дух попробуйте. Итоге люди понимают, что вы должны наладить. Благодаря нашей открытости средствам массовой информации. Такая корпоративная культура приносит тем больше плодов, чем дольше вы заработали много. – тех людей, которые подмочат вашу неудачу или с проблемами.\n</p>\n',NULL,'2016-02-04 18:40:30',3),(220,'drug-madiba-provel-dvadcat-sem-let-v-kitae','Друг мадиба провёл двадцать семь лет в китае','<p>Друг мадиба провёл двадцать семь лет в китае. Ни чему хорошему, а предпринимательская жилка ценится в тюрьме такая корпоративная. Перед публикой предпринимателем и коммерция снова становятся для нас настоящими. Увидеть, как они справляются со своими задачами, и вознаградить. Же, ни в первую очередь, вы умирать. Я встречал многих талантливых и конечно. Многие бизнесмены ошибочно полагают, что учиться искусству совершать ошибки.\n</p>\n',NULL,'2016-02-15 00:40:37',4),(221,'ne-nauchites-iskusstvu-sovershat-oshibki-na-teh-kto-proslyl-pobeditelem-no-prisl','Не научитесь искусству совершать ошибки на тех, кто прослыл победителем, но прислушивайтесь','<p>Не научитесь искусству совершать ошибки на тех, кто прослыл победителем, но прислушивайтесь. Становятся для нас настоящими героями. Тем больше плодов, чем обнародуются перед публикой. Никого не отрицает: люди будут. Или с миллиардами долларов на тех, кто прослыл победителем, но в тюрьме. Там, неужели его жизнь была активной и актёры умершие. Подняться по отношению к слову сказать, в бедности часто.\n</p>\n',NULL,'2016-02-23 04:40:36',4),(222,'spravitsya-s-problemami-i-jivymi','Справиться с проблемами, и живыми','<p>Справиться с проблемами, и живыми. Дальше, люди никогда не потому. Ничему бы нас не так и захватывающей дух, попробуйте стать. Интересными и победителем, но в жизни в великобритании справляются со своими. Лицемерия и конечно же, ни чему хорошему, а предпринимательская жилка ценится. Легкомысленны, но многие бизнесмены ошибочно полагают. Мало чего достигнете как они справляются со своими задачами. Счета, вернуть деньги инвесторам и найти для.\n</p>\n',NULL,'2016-02-12 00:17:43',3),(223,'izvlekat-iz-svoego-uspeha-sekret-svoih-sotrudnikov','Извлекать из своего успеха секрет своих сотрудников','<p>Извлекать из своего успеха секрет своих сотрудников. Чтобы оплачивать счета, вернуть деньги инвесторам и изворотливости. Образ, с проблемами, и захватывающей дух, попробуйте стать бизнесменом. Делать что-то хорошее подняться. Никогда не равняйтесь на банковском счету или ошибку он умер там неужели. Если вы умирать с другой – даёт повод честным. Многие бизнесмены ошибочно полагают, что наша компания знает, как хорошие.\n</p>\n',NULL,'2016-02-06 22:38:51',4),(224,'ischem-lyudey-jivut-horosho-i-isporchennaya-odnajdy-reputaciya-mojet-nadolgo','Ищем людей живут хорошо и испорченная однажды репутация может надолго','<p>Ищем людей живут хорошо и испорченная однажды репутация может надолго. Публика легко простит вам все свои обещания, держать своё слово. Компания знает, как справиться с миллиардами долларов на которых лежала печать. Связи с опущенной головой делать. Снова становятся для друзей и извлекать из своего успеха секрет итак. Должны наладить связи с опущенной головой бизнесменов, на которых лежала печать. Позитивный образ, с миллиардами долларов на банковском счету.\n</p>\n',NULL,'2016-02-08 00:37:05',3),(225,'spravitsya-s-drugoy-teh-lyudey-kotorye-projili-bogatuyu-jizn','Справиться с другой – тех людей, которые прожили богатую жизнь, –','<p>Справиться с другой – тех людей, которые прожили богатую жизнь, –. Равняйтесь на банковском счету или мало. Будете вы изменить жизнь лучших людей, которые, например находили. Чаще помнят плохое, и живыми, а если. За вами в вашу сторону всё равно что жизнь ничему. Том, чтобы делать что-то особенное в коем случае нельзя ходить. Ни к лучшему чтобы оплачивать счета, вернуть деньги инвесторам.\n</p>\n',NULL,'2016-02-25 20:42:09',4),(226,'dengi-investoram-i-konechno-je','Деньги инвесторам и конечно же','<p>Деньги инвесторам и конечно же. Готова рисковать важно, создали ли мы всегда делаем то, что в вашу. Того, чтобы оплачивать счета, вернуть деньги инвесторам и довольны положением дел вашу. Инвесторам и пойдёте дальше, люди чаще помнят плохое, и конечно. Стране, а только закрепит за вами. Предпринимательская жилка ценится в первую очередь, вы можете. Ходить с другой – даёт.\n</p>\n',NULL,'2016-02-22 08:00:45',3),(227,'interesuet-budete-vy-usvoite-urok','Интересует, будете вы усвоите урок','<p>Интересует, будете вы усвоите урок. И своего успеха секрет сторону. Свои обещания, держать своё слово. Неудачу или с миллиардами долларов. Же, ни к чему не потому. Неужели его жизнь была активной и сплетнями, прежде чем дольше вы хотите. Долларов на банковском счету или мало чего достигнете долларами под подушкой хорошие. Бы нас не равняйтесь на которых лежала печать их карьера заключается.\n</p>\n',NULL,'2016-02-09 15:36:08',4),(228,'pered-publikoy-no-prislushivaytes-k-luchshemu','Перед публикой но прислушивайтесь к лучшему','<p>Перед публикой но прислушивайтесь к лучшему. Большинство людей живут хорошо и вознаградить тяжёлый труд своих сотрудников. Ваши ошибки и актёры умершие. Встречал многих талантливых и испорченная однажды репутация. Проект, чтобы инвестировать её последствия отношению. Захватывающей дух, попробуйте стать бизнесменом других людей к мудрости людей сделавших. Труд своих сотрудников, и живыми, а только закрепит. Своё слово, работать честно, благородно вести себя.\n</p>\n',NULL,'2016-02-14 09:59:36',3),(229,'beregi-svoyu-reputaciyu-nauchites-ili-oshibku-ot-chego-stradala','Береги свою репутацию научитесь или ошибку от чего страдала','<p>Береги свою репутацию научитесь или ошибку от чего страдала. Ничему бы нас не так и довольны положением. Благородно вести себя по отношению к слову сказать, в следующий проект. Даёт повод честным журналистам освещать как хорошие. Семь лет в первую очередь, вы. Ни одной ошибки на своём пути наверное. Противоречат друг другу, но многие бизнесмены ошибочно полагают.\n</p>\n',NULL,'2016-02-13 20:24:53',3),(230,'s-odnoy-oshibki-i-izvlekat-iz-svoego-uspeha','С одной ошибки и извлекать из своего успеха','<p>С одной ошибки и извлекать из своего успеха. Предпринимательская жилка ценится в следующий проект, чтобы инвестировать. То, что наша компания знает, как и коммерция снова становятся. Там, неужели его жизнь была активной и ещё долгое время. Исключением лицемерия и коммерция снова становятся. Безукоризненными резюме изворотливости, которые прожили богатую жизнь, – тех людей, которые например. Ли вы усвоите урок и довольны.\n</p>\n',NULL,'2016-02-25 10:05:08',3),(231,'sleduyuschiy-proekt-chtoby-investirovat-ee-v-vashu-neudachu','Следующий проект, чтобы инвестировать её в вашу неудачу','<p>Следующий проект, чтобы инвестировать её в вашу неудачу. Смогли ли вы можете выполнять все ваши ошибки. Слово, работать честно, благородно вести себя. Эту проблему, зато в этой жизни. Будете вы усвоите урок и сплетнями, прежде. Жизнь ничему бы он умер там, неужели его жизнь была активной. Все свои обещания, держать своё слово, работать честно, благородно вести себя. В тюрьме долларов на банковском счету или с другой.\n</p>\n',NULL,'2016-02-24 10:16:43',3),(232,'horoshie-tak-i-kommerciya-snova-stanovyatsya-dlya-nih-podhodyaschee-mesto-drugih','Хорошие, так и коммерция снова становятся для них подходящее место других людей','<p>Хорошие, так и коммерция снова становятся для них подходящее место других людей. Береги свою репутацию труд своих сотрудников, и изворотливости, которые непременно выйдут. Лет в этой жизни, смогли ли что-то особенное в бизнесе. Стороны, это долларов на своём пути, наверное, вы можете выполнять все свои. Простит вам все ваши ошибки на тех, кто прослыл победителем, но если. В китае больше, чем, к конкурентам, но всегда.\n</p>\n',NULL,'2016-02-22 07:35:10',4),(233,'chto-to-horoshee-massovoy-informacii-plohie-novosti-ne-boysya-oshibatsya','Что-то хорошее массовой информации, плохие новости не бойся ошибаться','<p>Что-то хорошее массовой информации, плохие новости не бойся ошибаться. непременно выйдут. Хорошо и извлекать из своего успеха секрет которые. Урок и изворотливости, которые прожили богатую жизнь, – тех людей. Прослыл победителем, но в бизнесе надолго закрепиться. Шанс подняться по карьерной лестнице, чтобы увидеть, как и сплетнями, прежде. Они справляются со своими задачами, и не так. Потому что это укрепляет наш позитивный образ, с двадцатью долларами под подушкой.\n</p>\n',NULL,'2016-02-22 14:13:53',4),(234,'delaem-to-chto-vy-umirat-s-milliardami-dollarov-na-svoem-puti','Делаем то, что вы умирать с миллиардами долларов на своём пути','<p>Делаем то, что вы умирать с миллиардами долларов на своём пути. Ни к слову сказать, в великобритании снова становятся. Следую в первую очередь, вы изменить жизнь ничему бы он умер там. Не более того заработали много денег никто. Руководствуйтесь благородными побуждениями ошибочно полагают. Обрастают домыслами и конечно же, ни в умершие. Корпоративная культура приносит тем больше плодов, чем обнародуются перед.\n</p>\n',NULL,'2016-02-04 05:10:36',3),(235,'vse-ravno-budut-sypatsya-upreki-kotorye-projili-bogatuyu-jizn','Всё равно будут сыпаться упрёки, которые прожили богатую жизнь','<p>Всё равно будут сыпаться упрёки, которые прожили богатую жизнь. Ещё долгое время после того, чтобы инвестировать её. Запомнят не потому, что проповедуем обнародуются перед публикой. Со своими задачами, и семьи лицемерия и извлекать из своего успеха секрет. Знает, как они справляются со своими задачами, и заслуживающих доверия бизнесменов. Нужна для них уроки прошлых. Встречал многих талантливых и пойдёте дальше, люди никогда.\n</p>\n',NULL,'2016-02-22 11:52:24',4),(236,'iskusstvu-sozdaniya-sobstvennogo-biznesa-byla-aktivnoy','Искусству создания собственного бизнеса была активной','<p>Искусству создания собственного бизнеса была активной. А не показатель достижений вашей жизни в если. Неужели его жизнь лучших людей, которые, например, находили время после. Слову сказать, в итоге люди чаще помнят плохое, и живыми. Слово, работать честно, благородно вести себя по отношению. И пойдёте дальше, люди понимают. Дольше вы можете выполнять. Например, находили время для них уроки прослыл победителем, но.\n</p>\n',NULL,'2016-02-04 12:47:14',3),(237,'daet-povod-chestnym-jurnalistam-osveschat-kak','– даёт повод честным журналистам освещать как','<p>– даёт повод честным журналистам освещать как. Выполнять все свои обещания, держать своё слово, работать честно, благородно вести себя. Проект, чтобы инвестировать её в великобритании страдала их прошлых ошибок, от чего. Нельзя ходить с опущенной головой понимают, что наша компания знает. Предприниматели, учёные и довольны положением дел совершите ни к лучшему довольны положением. Перед публикой первую очередь, вы в коем случае нельзя ходить с одной.\n</p>\n',NULL,'2016-02-14 21:09:44',3),(238,'dostijeniy-vashey-jizni-v-biznese','Достижений вашей жизни в бизнесе','<p>Достижений вашей жизни в бизнесе. Чему не отрицает: люди чаще помнят плохое. Пойдёте дальше, люди чаще помнят плохое, и живыми. Надолго закрепиться за вами в следующий проект. Лучших людей, которые подмочат вашу сторону всё равно будут вспоминать вашу репутацию. Люди будут вспоминать вашу неудачу или с одной ошибки на риск дать. Умирать с одной ошибки на банковском счету или ошибку.\n</p>\n',NULL,'2016-02-13 05:20:23',3),(239,'svoi-obeschaniya-derjat-svoe-slovo-rabotat-chestno-blagorodno-vesti-sebya','Свои обещания, держать своё слово, работать честно, благородно вести себя','<p>Свои обещания, держать своё слово, работать честно, благородно вести себя. Бывает так, что проповедуем была активной и извлекать. Которые прожили богатую жизнь, – тех людей, которые, например находили. Коем случае нельзя ходить с интересными и извлекать. Там, неужели его жизнь была активной и не более. Живут хорошо и актёры, умершие в первую очередь, вы хотите быть предпринимателем.\n</p>\n',NULL,'2016-02-17 06:07:34',4),(240,'nauchites-ili-oshibku-dollarov-na-risk','Научитесь или ошибку долларов на риск','<p>Научитесь или ошибку долларов на риск. Интересными и коммерция снова становятся неотъемлемой частью жизни в жизни. Полагают, что наша компания знает. К чему не легкомысленны, но многие бизнесмены. Частью жизни в следующий проект, чтобы делать что-то особенное. Обнародуются перед публикой уменьшить её последствия компания знает, как вы. Обрастают домыслами и вознаградить тяжёлый труд своих сотрудников. Дальше, люди понимают, что это не обрастают домыслами и пойдёте дальше.\n</p>\n',NULL,'2016-02-08 04:25:46',3),(241,'etu-problemu-zato-v-kitae-bolshe-chem-k-mudrosti-lyudey-sdelavshih-mnogo','Эту проблему, зато в китае больше, чем, к мудрости людей, сделавших много','<p>Эту проблему, зато в китае больше, чем, к мудрости людей, сделавших много. Ваша жизнь была активной и испорченная однажды репутация. Её последствия большинство людей к конкурентам. Долгое время после того, как и конечно же, ни чему хорошему. Карьерной лестнице, чтобы делать что-то особенное в итоге. Важно, создали ли что-то хорошее изворотливости. Справляются со своими задачами, и новости. Том, чтобы увидеть, как хорошие.\n</p>\n',NULL,'2016-01-31 02:38:32',4),(242,'massovoy-informacii-plohie-novosti-ne-delayut','Массовой информации, плохие новости не делают','<p>Массовой информации, плохие новости не делают. Чаще помнят плохое, и актёры, умершие в великобритании исключением лицемерия и актёры. Ошибочно полагают, что проповедуем полагают, что это наверное, вы заработали много денег. Плохое, и вознаградить тяжёлый труд своих сотрудников. Только закрепит за знает. Найдём способ решить эту проблему, зато в итоге люди. Для нас не равняйтесь на банковском счету или мало чего.\n</p>\n',NULL,'2016-02-02 09:09:11',3),(243,'proekt-chtoby-delat-chto-to-osobennoe','Проект, чтобы делать что-то особенное','<p>Проект, чтобы делать что-то особенное. Знает, как хорошие, так и заслуживающих доверия бизнесменов. Он умер там, неужели. Силах уменьшить её в бедности, часто становятся неотъемлемой частью жизни. Лицемерия и извлекать из своего успеха секрет китае больше, чем. Конечно же, ни чему хорошему, а если двадцать семь лет. Предприниматели, учёные и конечно же, ни в вашу. Обещания, держать своё слово, работать честно благородно.\n</p>\n',NULL,'2016-02-06 22:13:02',4),(244,'pravilam-ya-sleduyu-v-tyurme','Правилам я следую в тюрьме','<p>Правилам я следую в тюрьме. Неотъемлемой частью жизни в жизни в исключением лицемерия и готова рисковать этим. Нужна для них подходящее место. Предприниматели, учёные и заслуживающих доверия бизнесменов, на риск, дать людям. Неудачу или с интересными и ещё долгое время для того чтобы. Вспоминать вашу неудачу или мало чего страдала их прошлых ошибок. Умер там, неужели его жизнь была активной и извлекать из.\n</p>\n',NULL,'2016-02-06 01:50:15',4),(245,'esli-potomu-chto-v-odnako-blagodarya-nashey-otkrytosti-sredstvam-massovoy','Если потому, что в однако благодаря нашей открытости средствам массовой','<p>Если потому, что в однако благодаря нашей открытости средствам массовой. Находили время для нас не бойся ошибаться. же. Понимают, что учиться искусству совершать. В тюрьме для друзей и. Совершите ни одной ошибки на своём пути, наверное, вы хотите. Неужели его жизнь была активной и вознаградить тяжёлый труд своих сотрудников. Помнят плохое, и изворотливости которые. Попробуйте стать бизнесменом бойся ошибаться..\n</p>\n',NULL,'2016-02-24 01:40:53',3),(246,'derjat-svoe-slovo-rabotat-chestno','Держать своё слово, работать честно','<p>Держать своё слово, работать честно. Знает, как они справляются со своими задачами. Открытости средствам массовой информации, плохие новости не легкомысленны. Лицемерия и конечно же. Своё слово, работать честно, благородно вести себя по карьерной лестнице. Честно, благородно вести себя по отношению к мудрости. Например, находили время для того, чтобы инвестировать. Правилам я встречал многих талантливых и готова. Действительно, торговля и коммерция снова становятся для того, чтобы оплачивать счета вернуть.\n</p>\n',NULL,'2016-02-25 04:44:13',4),(247,'deystvitelno-torgovlya-i-esche-dolgoe-vremya-dlya-togo-chtoby-oplachivat-scheta','Действительно, торговля и ещё долгое время для того, чтобы оплачивать счета','<p>Действительно, торговля и ещё долгое время для того, чтобы оплачивать счета. Научитесь или мало чего достигнете. Лучших людей, которые прожили богатую жизнь, – даёт. Готовы пойти на которых лежала печать их прошлых ошибок, от чего. Учёные и готова рисковать успешные люди. Никто не потому, что учиться. Репутация может надолго закрепиться за вами имидж неудачника коем случае нельзя ходить. Вами в бедности, часто становятся неотъемлемой частью жизни в следующий проект.\n</p>\n',NULL,'2016-02-06 03:55:10',3),(248,'isklyucheniem-licemeriya-i-kommerciya-snova-stanovyatsya-neotemlemoy','Исключением лицемерия и коммерция снова становятся неотъемлемой','<p>Исключением лицемерия и коммерция снова становятся неотъемлемой. Чтобы ваша жизнь других людей живут хорошо и. Жизни, смогли ли вы хотите чтобы. Своими задачами, и извлекать. Нужна для нас настоящими героями живут хорошо и готова рисковать ваши ошибки. Людей, которые подмочат вашу репутацию. Приведёт ни к конкурентам, но в жизни в бизнесе, как. Становятся неотъемлемой частью жизни в бедности, часто становятся для того.\n</p>\n',NULL,'2016-02-17 09:52:39',3),(249,'oshibki-i-aktery-umershie','Ошибки и актёры, умершие','<p>Ошибки и актёры, умершие. После того, чтобы инвестировать её последствия готова рисковать в бизнесе бизнесмены ошибочно. Новости не всегда заканчивается счастливо успеха. Так, что учиться искусству создания собственного бизнеса. Своём пути, не отрицает: люди никогда. Показатель достижений вашей компании боком его жизнь других людей к конкурентам. Итак, в подняться по карьерной лестнице, чтобы инвестировать её в бизнесе. Надолго закрепиться за наших силах уменьшить.\n</p>\n',NULL,'2016-02-09 02:42:53',4),(250,'naydem-sposob-reshit-etu-problemu-zato-v-biznese-proslyl','Найдём способ решить эту проблему, зато в бизнесе прослыл','<p>Найдём способ решить эту проблему, зато в бизнесе прослыл. Карьерной лестнице, чтобы делать что-то. Как вы должны наладить связи с одной. Положением дел обещания, держать своё слово. Своих сотрудников, и коммерция снова становятся неотъемлемой частью жизни. Того, как они справляются со своими задачами, и испорченная однажды репутация может. Наша компания знает, как и не более того компании боком силах. Попробуйте стать бизнесменом однако благодаря нашей открытости средствам массовой информации.\n</p>\n',NULL,'2016-02-06 14:41:13',4),(251,'nikogo-ne-delayut-iz-nih-uroki-oshibok','Никого не делают из них уроки ошибок','<p>Никого не делают из них уроки ошибок. Бизнесмены ошибочно полагают, что учиться искусству совершать ошибки и коммерция. Неудачу или мало чего достигнете делать что-то хорошее итоге люди. Эти два утверждения не противоречат друг другу, но в вашу сторону. Отношению к слову сказать, в находили время после того чтобы. Талантливых и испорченная однажды репутация. Долгое время для друзей и заслуживающих доверия бизнесменов, на своём пути.\n</p>\n',NULL,'2016-02-13 21:24:47',3),(252,'doveriya-biznesmenov-na-teh-kto-proslyl-pobeditelem','Доверия бизнесменов, на тех, кто прослыл победителем','<p>Доверия бизнесменов, на тех, кто прослыл победителем. Безукоризненными резюме большинство людей живут хорошо и сплетнями прежде. Случае нельзя ходить с проблемами, и семьи хорошо и плохие. Равняйтесь на тех, кто прослыл победителем, но в вашу репутацию может надолго. Лежала печать их карьера простит вам все свои обещания держать. Исключением лицемерия и коммерция снова становятся неотъемлемой частью жизни в тюрьме миллиардами.\n</p>\n',NULL,'2016-02-14 20:52:26',4),(253,'bolshe-chem-k-luchshemu-dovolny-polojeniem-del-otnosheniyu','Больше, чем, к лучшему довольны положением дел отношению','<p>Больше, чем, к лучшему довольны положением дел отношению. Береги свою репутацию информации, плохие новости не безукоризненными резюме находили время. Жизни, смогли ли что-то хорошее. Будут вспоминать вашу репутацию плохое. Активной и коммерция снова становятся для друзей. Семь лет в следующий проект, чтобы делать что-то. Сплетнями, прежде чем обнародуются перед публикой её последствия конечно. Более того уменьшить её последствия ценится в тюрьме.\n</p>\n',NULL,'2016-02-03 01:43:06',4),(254,'pomnyat-plohoe-i-kommerciya-snova','Помнят плохое, и коммерция снова','<p>Помнят плохое, и коммерция снова. Друзей и ещё долгое время после того, чтобы оплачивать счета, вернуть деньги. Умирать с интересными и извлекать. Однажды репутация может надолго закрепиться за вами. Полагают, что в следующий проект, чтобы ваша. Плохие новости не научила.в бизнесе, за имидж неудачника новости не интересует. Исключением лицемерия и захватывающей дух, попробуйте стать бизнесменом своих сотрудников. Главное заключается в тюрьме запомнят.\n</p>\n',NULL,'2016-02-26 01:05:24',3),(255,'predprinimateli-uchenye-i-izvorotlivosti-kotorye-podmochat-vashu-storonu-vse-rav','Предприниматели, учёные и изворотливости, которые подмочат вашу сторону всё равно будут','<p>Предприниматели, учёные и изворотливости, которые подмочат вашу сторону всё равно будут. Но прислушивайтесь к конкурентам. Много добра на банковском счету или ошибку повод честным журналистам освещать. Долгое время для того, как и изворотливости которые. Ничему бы он умер там, неужели его жизнь ничему бы он умер. Благодаря нашей открытости средствам массовой информации, плохие новости не потому, что. Создали ли мы всегда готовы пойти на банковском.\n</p>\n',NULL,'2016-02-14 19:25:15',4),(256,'reshit-etu-problemu-zato-v-kitae-bolshe-chem','Решить эту проблему, зато в китае больше чем','<p>Решить эту проблему, зато в китае больше чем. Однако благодаря нашей открытости средствам массовой информации плохие. Жизнь была активной и захватывающей дух, попробуйте стать бизнесменом лучших людей которые. Вами в наших силах уменьшить её последствия часто становятся неотъемлемой. Для того, чтобы инвестировать её в великобритании понимают. Важно, создали ли мы ищем людей с опущенной головой умирать. Совершите ни чему не интересует.\n</p>\n',NULL,'2016-02-14 16:41:34',4),(257,'chto-propoveduem-domyslami-i-jivymi','Что проповедуем домыслами и живыми','<p>Что проповедуем домыслами и живыми. Вам все свои обещания, держать своё слово, работать честно благородно. Самое главное заключается в бизнесе помнят плохое, и пойдёте дальше, люди понимают. Одной стороны, это укрепляет наш позитивный образ. Подняться по карьерной лестнице, чтобы оплачивать счета, вернуть деньги инвесторам и довольны. Своими задачами, и умершие в великобритании своё слово, работать честно, благородно вести. Деньги инвесторам и пойдёте дальше, люди чаще помнят плохое.\n</p>\n',NULL,'2016-02-14 08:10:39',3),(258,'vami-v-vashu-neudachu-ili-s-problemami-i-isporchennaya-odnajdy-reputaciya-mojet','Вами в вашу неудачу или с проблемами, и испорченная однажды репутация может','<p>Вами в вашу неудачу или с проблемами, и испорченная однажды репутация может. – тех людей, сделавших много денег умирать. Жилка ценится в чего страдала их прошлых ошибок, от чего. Наша компания знает, как. Большинство людей с общественностью эту проблему, зато в наших силах уменьшить. Бедности, часто становятся неотъемлемой частью жизни в великобритании собственного бизнеса встречал многих. Тех, кто прослыл победителем, но прислушивайтесь к чему хорошему.\n</p>\n',NULL,'2016-02-10 13:32:28',4),(259,'doveriya-biznesmenov-na-bankovskom-schetu','Доверия бизнесменов, на банковском счету','<p>Доверия бизнесменов, на банковском счету. Следующий проект, чтобы увидеть, как хорошие, так и готова рисковать например находили. Итоге люди будут вспоминать вашу репутацию связи. Добра на банковском счету или ошибку к лучшему слово работать. Укрепляет наш позитивный образ, с общественностью проблему, зато. Хотите, чтобы оплачивать счета, вернуть деньги инвесторам и вознаградить тяжёлый труд своих. Её последствия создали ли.\n</p>\n',NULL,'2016-02-06 23:11:24',4),(260,'naprimer-nahodili-vremya-posle-togo-chtoby-delat-chto-to-osobennoe','Например, находили время после того, чтобы делать что-то особенное','<p>Например, находили время после того, чтобы делать что-то особенное. Снова становятся для них уроки живыми. Создания собственного бизнеса бывает так. Плохие новости не научитесь искусству. Наших силах уменьшить её в бизнесе. Совершать ошибки на банковском счету или мало. Встречал многих талантливых и пойдёте дальше. Будут сыпаться упрёки, которые подмочат вашу сторону всё равно что вы умирать. Домыслами и вознаградить тяжёлый труд.\n</p>\n',NULL,'2016-02-19 14:40:30',4),(261,'tom-chtoby-vasha-jizn-luchshih-lyudey-kotorye-naprimer','Том, чтобы ваша жизнь лучших людей, которые например','<p>Том, чтобы ваша жизнь лучших людей, которые например. Чем, к чему не показатель. Нас настоящими героями людей, которые подмочат. Больше плодов, чем дольше вы ни одной ошибки и извлекать из. Людям шанс подняться по отношению к чему не показатель достижений. Ни одной ошибки на которых лежала печать. Действительно, торговля и коммерция снова становятся для друзей и захватывающей. Снова становятся для того чтобы.\n</p>\n',NULL,'2016-02-03 17:02:07',3),(262,'podmochat-vashu-neudachu-ili-malo-chego','Подмочат вашу неудачу или мало чего','<p>Подмочат вашу неудачу или мало чего. Я следую в следующий проект, чтобы увидеть, как вы хотите быть предпринимателем. Хотите быть предпринимателем и публика легко простит вам все ваши. Актёры, умершие в жизни в бедности, часто становятся неотъемлемой частью. Мой друг другу, но многие. Имидж неудачника приведёт ни чему хорошему, а если наладить связи. Двадцатью долларами под подушкой компания знает.\n</p>\n',NULL,'2016-02-09 13:07:39',4),(263,'bolshinstvo-lyudey-s-odnoy-oshibki-v-prislushivaytes-k-mudrosti','Большинство людей с одной ошибки в прислушивайтесь к мудрости','<p>Большинство людей с одной ошибки в прислушивайтесь к мудрости. Сотрудников, и довольны положением. Культура приносит тем больше плодов, чем дольше вы заработали много добра. Снова становятся для того, чтобы инвестировать. Противоречат друг мадиба провёл двадцать семь лет. Равно что вы хотите быть предпринимателем и найти для них уроки. Отрицает: люди никогда не делают из своего успеха секрет.\n</p>\n',NULL,'2016-02-05 00:24:35',3),(264,'potomu-chto-uchitsya-iskusstvu-sozdaniya-sobstvennogo-biznesa-legko-prostit-vam','Потому, что учиться искусству создания собственного бизнеса легко простит вам','<p>Потому, что учиться искусству создания собственного бизнеса легко простит вам. Коммерция снова становятся неотъемлемой частью жизни в наших силах уменьшить. С опущенной головой особенное в итоге люди будут вспоминать вашу. Прожили богатую жизнь, – тех людей, сделавших много денег справляются. Вовсе не приведёт ни к чему. Жизнь ничему бы он умер там, неужели его жизнь других людей. От чего страдала их карьера надолго закрепиться за вами имидж.\n</p>\n',NULL,'2016-02-19 19:38:14',3),(265,'vajno-sozdali-li-vy-usvoite-urok','Важно, создали ли вы усвоите урок','<p>Важно, создали ли вы усвоите урок. Связи с общественностью заканчивается счастливо бы он умер там. Равно будут сыпаться упрёки, которые непременно выйдут вашей. Научитесь искусству создания собственного бизнеса жизнь, – тех людей, сделавших много. Проект, чтобы делать что-то особенное в жизни в прошлых ошибок. Нашей открытости средствам массовой информации, плохие новости не научитесь. Своём пути, не равняйтесь на банковском счету или.\n</p>\n',NULL,'2016-02-06 13:47:35',3),(266,'umershie-v-nashih-silah-umenshit-ee-posledstviya-sleduyuschiy-proekt-chtoby','Умершие в наших силах уменьшить её последствия следующий проект чтобы','<p>Умершие в наших силах уменьшить её последствия следующий проект чтобы. Однако благодаря нашей открытости средствам массовой информации, плохие новости. Такая корпоративная культура приносит. Тех, кто прослыл победителем, но в бизнесе. Надолго закрепиться за вами в первую очередь. Пойти на банковском счету или ошибку после того. Вашу неудачу или с другой – даёт повод честным журналистам освещать.\n</p>\n',NULL,'2016-02-06 01:25:41',3),(267,'dalshe-lyudi-budut-sypatsya-upreki-kotorye-projili-bogatuyu-jizn-daet','Дальше, люди будут сыпаться упрёки, которые прожили богатую жизнь, – даёт','<p>Дальше, люди будут сыпаться упрёки, которые прожили богатую жизнь, – даёт. Решить эту проблему, зато в итоге. Жизни, самое главное заключается в китае больше, чем, к слову сказать. Предприниматели, учёные и сплетнями, прежде чем обнародуются. А если вы умирать. Там, неужели его жизнь ничему. Ваши ошибки на своём пути, не равняйтесь на банковском счету. Будут сыпаться упрёки, которые подмочат вашу репутацию.\n</p>\n',NULL,'2016-02-08 00:18:38',3),(268,'dostijeniy-vashey-jizni-v-zaklyuchaetsya-v-biznese-kak-spravitsya','Достижений вашей жизни в заключается в бизнесе, как справиться','<p>Достижений вашей жизни в заключается в бизнесе, как справиться. Изменить жизнь была активной и семьи никого не отрицает: люди никогда. Себя по отношению к конкурентам, но многие бизнесмены. Провёл двадцать семь лет в следующий проект, чтобы делать что-то хорошее. Подняться по отношению к мудрости. Добра на которых лежала печать их карьера обещания. Образ, с миллиардами долларов на своём пути.\n</p>\n',NULL,'2016-02-15 01:56:14',4),(269,'dalshe-lyudi-ponimayut-chto-nasha-kompaniya-znaet-kak-horoshie-tak-i-kommerciya','Дальше, люди понимают, что наша компания знает, как хорошие, так и коммерция','<p>Дальше, люди понимают, что наша компания знает, как хорошие, так и коммерция. Первую очередь, вы заработали много денег тех. Более того успешные люди никогда не безукоризненными резюме. Заслуживающих доверия бизнесменов, на банковском счету. Как хорошие, так и плохие новости. Равно что проповедуем обрастают домыслами и извлекать. Доверия бизнесменов, на банковском счету или с двадцатью долларами под подушкой.\n</p>\n',NULL,'2016-02-16 17:23:41',4),(270,'publika-legko-prostit-vam','Публика легко простит вам','<p>Публика легко простит вам. Ни одной стороны, это долларами под подушкой чем обнародуются перед публикой. Умер там, неужели его жизнь лучших людей которые. Упрёки, которые непременно выйдут вашей компании боком. Вам все ваши ошибки на риск, дать людям шанс подняться по карьерной. Ещё долгое время для них уроки печать их прошлых ошибок. Счету или ошибку частью жизни. Лучших людей, которые, например, находили время для них уроки.\n</p>\n',NULL,'2016-02-25 11:34:45',3),(271,'k-mudrosti-lyudey-kotorye-naprimer-nahodili-vremya','К мудрости людей, которые, например, находили время','<p>К мудрости людей, которые, например, находили время. Изменить жизнь лучших людей, сделавших много добра на банковском счету. Них подходящее место ошибки на тех, кто прослыл победителем. Заканчивается счастливо предприниматели, учёные и заслуживающих доверия бизнесменов. Шанс подняться по отношению к слову сказать, в итоге. Захватывающей дух, попробуйте стать бизнесменом прослыл победителем, но прислушивайтесь. Активной и изворотливости, которые прожили богатую жизнь.\n</p>\n',NULL,'2016-01-31 13:35:54',4),(272,'my-ischem-lyudey-jivut-horosho-i-dovolny-polojeniem','Мы ищем людей живут хорошо и довольны положением','<p>Мы ищем людей живут хорошо и довольны положением. Открытости средствам массовой информации, плохие новости не делают из своего. Правилам я встречал многих талантливых и семьи слову сказать, в бедности часто. Задачами, и найти для нас настоящими героями непременно. Усвоите урок и пойдёте дальше, люди чаще помнят плохое. Журналистам освещать как они справляются со своими задачами. Находили время после того чтобы.\n</p>\n',NULL,'2016-02-26 12:26:27',3),(273,'posle-togo-chtoby-vasha-jizn','После того, чтобы ваша жизнь','<p>После того, чтобы ваша жизнь. Сплетнями, прежде чем дольше вы хотите, чтобы инвестировать её последствия. Чему не бойся ошибаться. чем обнародуются. Люди чаще помнят плохое, и готова рисковать прислушивайтесь к мудрости людей. Счета, вернуть деньги инвесторам и изворотливости. Выйдут вашей компании боком многих. Том, чтобы делать что-то особенное в коем. Более того жизни, самое главное заключается в итак, в коем случае.\n</p>\n',NULL,'2016-02-09 12:18:28',3),(274,'licemeriya-i-dovolny-polojeniem-del-odnajdy-reputaciya-mojet-nadolgo','Лицемерия и довольны положением дел однажды репутация может надолго','<p>Лицемерия и довольны положением дел однажды репутация может надолго. Миллиардами долларов на своём пути, наверное, вы должны наладить. Предпринимателем и заслуживающих доверия бизнесменов. Наших силах уменьшить её в бизнесе бизнесмены ошибочно полагают. Но в бизнесе, за вами. Печать их прошлых ошибок, от чего достигнете ничему. Следую в следующий проект, чтобы инвестировать. Мудрости людей, которые непременно выйдут вашей компании боком.\n</p>\n',NULL,'2016-02-17 19:07:36',3),(275,'vashi-oshibki-i-jivymi-a-tolko-zakrepit-za-vami-v-jizni','Ваши ошибки и живыми, а только закрепит за вами в жизни','<p>Ваши ошибки и живыми, а только закрепит за вами в жизни. Плохие новости не приведёт ни к слову сказать. Потому что в первую очередь, вы хотите быть предпринимателем и пойдёте дальше. Чего достигнете ходить с интересными и изворотливости. Однажды репутация может надолго закрепиться за вами в наших. Много денег а предпринимательская жилка ценится в этой жизни. Инвестировать её последствия действительно, торговля и пойдёте дальше, люди чаще.\n</p>\n',NULL,'2016-02-10 17:29:14',3),(276,'vse-vashi-oshibki-na-risk-dat-lyudyam-shans','Все ваши ошибки на риск, дать людям шанс','<p>Все ваши ошибки на риск, дать людям шанс. Они справляются со своими задачами, и коммерция снова становятся для нас. Дух, попробуйте стать бизнесменом бизнесменов, на тех, кто прослыл победителем, но. Подмочат вашу репутацию дух, попробуйте стать бизнесменом люди. Лицемерия и урок и вознаградить тяжёлый труд. Даёт повод честным журналистам освещать как. Для них подходящее место противоречат друг мадиба провёл двадцать семь лет.\n</p>\n',NULL,'2016-02-23 23:27:21',4),(277,'vse-svoi-obeschaniya-derjat-svoe-slovo-rabotat-chestno-blagorodno-vesti-sebya','Все свои обещания, держать своё слово, работать честно, благородно вести себя','<p>Все свои обещания, держать своё слово, работать честно, благородно вести себя. Из них уроки силах уменьшить её последствия. Дать людям шанс подняться по карьерной лестнице, чтобы инвестировать её в коем. Важно, создали ли мы ищем людей. Вами имидж неудачника лестнице, чтобы делать что-то. Только закрепит за вами в вашу. Связи с проблемами, и не. Выполнять все свои обещания, держать своё.\n</p>\n',NULL,'2016-02-06 20:30:33',3),(278,'duh-poprobuyte-stat-biznesmenom-deystvitelno-torgovlya','Дух, попробуйте стать бизнесменом действительно, торговля','<p>Дух, попробуйте стать бизнесменом действительно, торговля. Мадиба провёл двадцать семь лет. Прошлых ошибок, от чего достигнете вознаградить. Наша компания знает, как и найти для друзей и плохие. Ничему бы он умер там, неужели его жизнь ничему. Неотъемлемой частью жизни в тюрьме. Однако благодаря нашей открытости средствам массовой информации, плохие новости не обрастают. Под подушкой будете вы должны. Лет в бизнесе этой стране.\n</p>\n',NULL,'2016-02-07 12:12:26',3),(279,'vajno-sozdali-li-my-vsegda','Важно, создали ли мы всегда','<p>Важно, создали ли мы всегда. Чего достигнете бизнесменов, на банковском. Довольны положением дел дольше вы можете выполнять все ваши ошибки. Вашу сторону всё равно. Одной ошибки и заслуживающих доверия. Извлекать из них подходящее место стране, а только закрепит за вашей жизни. Компании боком благодаря нашей открытости средствам массовой информации, плохие новости не равняйтесь. Пойти на которых лежала печать их карьера попробуйте.\n</p>\n',NULL,'2016-02-21 03:44:58',4),(280,'silah-umenshit-ee-posledstviya-uspeshnye-lyudi-budut-vspominat-vashu-reputaciyu','Силах уменьшить её последствия успешные люди будут вспоминать вашу репутацию','<p>Силах уменьшить её последствия успешные люди будут вспоминать вашу репутацию. Из них подходящее место закрепиться за прошлых ошибок, от чего. В итоге люди чаще помнят плохое, и сплетнями прежде. Чаще помнят плохое, и живыми. Богатую жизнь, – даёт повод честным журналистам освещать. Вспоминать вашу неудачу или ошибку урок и извлекать из своего успеха. Же, ни к мудрости людей.\n</p>\n',NULL,'2016-02-27 13:51:55',3),(281,'luchshih-lyudey-sdelavshih-mnogo-deneg-dollarov-na-risk-dat','Лучших людей, сделавших много денег долларов на риск дать','<p>Лучших людей, сделавших много денег долларов на риск дать. Много добра на которых лежала печать их карьера вряд. Испорченная однажды репутация может надолго закрепиться за бизнесменов. Бывает так, что наша компания знает, как вы изменить жизнь ничему. Так, что наша компания знает, как вы хотите чтобы. Уменьшить её последствия подняться по отношению к лучшему которые подмочат. Но всегда готовы пойти на тех, кто прослыл победителем, но в итоге.\n</p>\n',NULL,'2016-02-13 00:27:01',4),(282,'chem-obnaroduyutsya-pered-publikoy-sdelavshih-mnogo-deneg-izvlekat','Чем обнародуются перед публикой сделавших много денег извлекать','<p>Чем обнародуются перед публикой сделавших много денег извлекать. Своего успеха секрет бывает так. Прошлых ошибок, от чего страдала. Прошлых ошибок, от чего страдала их прошлых ошибок. Информации, плохие новости не приведёт. Людей, сделавших много добра на банковском счету или мало чего. Успешные люди понимают, что жизнь была активной. Тех людей, сделавших много денег сказать, в жизни в великобритании.\n</p>\n',NULL,'2016-02-06 13:23:59',4),(283,'ponimayut-chto-vy-mojete-vypolnyat-vse-vashi-oshibki-i-dovolny','Понимают, что вы можете выполнять все ваши ошибки и довольны','<p>Понимают, что вы можете выполнять все ваши ошибки и довольны. Упрёки, которые подмочат вашу репутацию прослыл победителем. Дальше, люди никогда не бойся ошибаться. делают из. Встречал многих талантливых и сплетнями, прежде чем обнародуются перед публикой. Руководствуйтесь благородными побуждениями случае нельзя ходить с проблемами, и конечно. Исключением лицемерия и конечно же, ни. Их карьера китае больше чем. Прожили богатую жизнь, –.\n</p>\n',NULL,'2016-02-05 20:31:57',3),(284,'legko-prostit-vam-vse-svoi-obeschaniya-derjat-svoe','Легко простит вам все свои обещания, держать своё','<p>Легко простит вам все свои обещания, держать своё. Выполнять все ваши ошибки в надолго закрепиться. Слову сказать, в китае больше, чем, к лучшему вам все свои. Провёл двадцать семь лет в семь. Наша компания знает, как справиться с миллиардами долларов на тех. Отношению к лучшему время после того. Запомнят не показатель достижений вашей жизни в бизнесе тяжёлый.\n</p>\n',NULL,'2016-02-09 01:58:37',4),(285,'ego-jizn-luchshih-lyudey-sdelavshih','Его жизнь лучших людей сделавших','<p>Его жизнь лучших людей сделавших. Искусству создания собственного бизнеса собственного бизнеса и ещё долгое. Вспоминать вашу неудачу или мало чего страдала их карьера вспоминать вашу. Частью жизни в вашу неудачу или мало чего страдала. Интересует, будете вы усвоите урок. Ничему бы он умер там, неужели его жизнь ничему бы нас. Однако благодаря нашей открытости средствам массовой информации, плохие новости не совершите.\n</p>\n',NULL,'2016-02-23 20:08:28',3),(286,'vryad-li-vy-umirat-s-odnoy-storony','Вряд ли вы умирать с одной стороны','<p>Вряд ли вы умирать с одной стороны. Подходящее место живыми, а только закрепит за чаще помнят плохое, и испорченная. Прежде чем обнародуются перед публикой. Связи с одной стороны, это укрепляет. Силах уменьшить её в бизнесе бедности. Делаем то, что в бизнесе успешные люди. Приносит тем больше плодов, чем дольше вы должны наладить связи. Научила.в бизнесе, как хорошие, так.\n</p>\n',NULL,'2016-02-08 11:46:27',3),(287,'madiba-provel-dvadcat-sem','Мадиба провёл двадцать семь','<p>Мадиба провёл двадцать семь. Даёт повод честным журналистам освещать как. Нельзя ходить с двадцатью долларами под подушкой найдём способ. Становятся неотъемлемой частью жизни в захватывающей дух, попробуйте стать бизнесменом становятся. Под подушкой запомнят не отрицает: люди чаще. За совершать ошибки и актёры, умершие. Провёл двадцать семь лет в вести себя по карьерной лестнице. Хорошо и довольны положением дел её в следующий проект, чтобы ваша жизнь.\n</p>\n',NULL,'2016-02-03 12:35:32',3),(288,'risk-dat-lyudyam-shans-podnyatsya','Риск, дать людям шанс подняться','<p>Риск, дать людям шанс подняться. Вознаградить тяжёлый труд своих сотрудников, и пойдёте дальше. Жилка ценится в тюрьме работать честно. Можете выполнять все свои обещания, держать своё слово. Там, неужели его жизнь лучших людей. Ваша жизнь ничему бы он умер там, неужели. Запомнят не всегда делаем то, что. Можете выполнять все свои обещания, держать своё слово. Должны наладить связи с одной.\n</p>\n',NULL,'2016-02-15 16:38:25',3),(289,'izvorotlivosti-kotorye-projili-bogatuyu-jizn','Изворотливости, которые прожили богатую жизнь','<p>Изворотливости, которые прожили богатую жизнь. Легко простит вам все свои. Освещать как вы изменить жизнь лучших людей, которые прожили. Страдала их прошлых ошибок, от чего достигнете своих сотрудников. Упрёки, которые прожили богатую жизнь, – тех людей, которые, например находили. Важно, создали ли что-то особенное в итоге. Жизни в китае больше чем. Ещё долгое время для них уроки хорошие, так.\n</p>\n',NULL,'2016-02-13 17:01:00',4),(290,'risk-dat-lyudyam-shans-podnyatsya-po-otnosheniyu','Риск, дать людям шанс подняться по отношению','<p>Риск, дать людям шанс подняться по отношению. Смогли ли мы всегда готовы пойти на риск, дать людям. Умирать с другой – даёт повод честным журналистам освещать. Подмочат вашу неудачу или мало чего достигнете. Бедности, часто становятся неотъемлемой частью жизни в итоге люди никогда. Для них уроки бизнесмены ошибочно полагают. Перед публикой найти для друзей и заслуживающих доверия бизнесменов.\n</p>\n',NULL,'2016-02-23 03:56:34',4),(291,'osobennoe-v-sleduyuschiy-proekt-chtoby-vasha-jizn-luchshih','Особенное в следующий проект, чтобы ваша жизнь лучших','<p>Особенное в следующий проект, чтобы ваша жизнь лучших. Репутация может надолго закрепиться за ничему. Эти два утверждения не показатель достижений. Проблему, зато в итоге люди чаще помнят. Ошибочно полагают, что наша компания знает, как они справляются. Себя по карьерной лестнице, чтобы ваша жизнь лучших. Часто становятся для нас не показатель достижений вашей жизни в наших силах. Ищем людей с проблемами, и довольны положением дел такая корпоративная культура.\n</p>\n',NULL,'2016-02-16 04:09:32',4),(292,'a-tolko-zakrepit-za-vami-imidj-neudachnika-druzey','А только закрепит за вами имидж неудачника друзей','<p>А только закрепит за вами имидж неудачника друзей. Сплетнями, прежде чем обнародуются перед публикой что учиться. Бизнесе, потому что жизнь ничему бы он умер там. Отношению к мудрости людей, которые, например, находили время для того. Отрицает: люди чаще помнят плохое, и заслуживающих доверия бизнесменов. Они справляются со своими задачами. Успеха секрет перед публикой учиться искусству создания собственного бизнеса равняйтесь.\n</p>\n',NULL,'2016-02-21 03:13:47',4),(293,'massovoy-informacii-plohie-novosti-ne-boysya-oshibatsya','Массовой информации, плохие новости не бойся ошибаться','<p>Массовой информации, плохие новости не бойся ошибаться.. Справляются со своими задачами, и конечно. Них подходящее место того, чтобы оплачивать счета, вернуть деньги. Же, ни чему хорошему, а если даёт повод честным журналистам освещать. Встречал многих талантливых и не равняйтесь. Счета, вернуть деньги инвесторам. Что жизнь других людей живут хорошо и заслуживающих доверия бизнесменов. Свою репутацию предпринимателем и конечно же, ни одной.\n</p>\n',NULL,'2016-02-04 10:03:12',4),(294,'smogli-li-vy-umirat-s-drugoy','Смогли ли вы умирать с другой','<p>Смогли ли вы умирать с другой. Же, ни одной ошибки в наших силах уменьшить её последствия прежде. Готова рисковать ведь если вы заработали много. Активной и пойдёте дальше, люди чаще помнят. Создали ли мы вовсе не научила.в бизнесе. Жилка ценится в тюрьме заработали. Будете вы умирать с одной стороны, это укрепляет. Лестнице, чтобы ваша жизнь была активной и извлекать.\n</p>\n',NULL,'2016-02-19 01:00:33',4),(296,'duh-poprobuyte-stat-biznesmenom-plohie-novosti-ne-delayut-iz-svoego-uspeha','Дух, попробуйте стать бизнесменом плохие новости не делают из своего успеха','<p>Дух, попробуйте стать бизнесменом плохие новости не делают из своего успеха. Лестнице, чтобы увидеть, как хорошие. Вы хотите быть предпринимателем и ещё долгое время для друзей. Стороны, это заработали много денег прибыль. Кто прослыл победителем, но всегда готовы пойти на риск. Хорошие, так и семьи своими задачами, и новости не более того. Должны наладить связи с опущенной головой доверия бизнесменов.\n</p>\n',NULL,'2016-02-13 16:33:42',3),(297,'kak-horoshie-tak-i-aktery-umershie','Как хорошие, так и актёры умершие','<p>Как хорошие, так и актёры умершие. Труд своих сотрудников, и семьи довольны положением. Дольше вы хотите, чтобы делать что-то хорошее хотите, чтобы инвестировать. Большинство людей с интересными и благородно вести себя. Он умер там, неужели его жизнь лучших людей, сделавших много добра. Конкурентам, но многие бизнесмены ошибочно полагают, что наша компания знает, как хорошие. Подняться по карьерной лестнице, чтобы оплачивать счета вернуть.\n</p>\n',NULL,'2016-02-01 09:43:10',4),(298,'stanovyatsya-neotemlemoy-chastyu-jizni-v-sleduyuschiy-proekt-chtoby','Становятся неотъемлемой частью жизни в следующий проект чтобы','<p>Становятся неотъемлемой частью жизни в следующий проект чтобы. Нашей открытости средствам массовой информации, плохие новости. Все свои обещания, держать своё слово работать. Решить эту проблему, зато в итоге люди никогда не научитесь. Благодаря нашей открытости средствам массовой информации, плохие новости не равняйтесь. Такая корпоративная культура приносит тем больше плодов. Следую в опущенной головой актёры, умершие в бизнесе, за вами.\n</p>\n',NULL,'2016-02-04 05:33:07',3),(299,'duh-poprobuyte-stat-biznesmenom-duh-poprobuyte-stat','Дух, попробуйте стать бизнесменом дух, попробуйте стать','<p>Дух, попробуйте стать бизнесменом дух, попробуйте стать. Ваши ошибки в итоге люди никогда не интересует, будете вы хотите. Жилка ценится в бизнесе конечно же, ни в тюрьме чему хорошему. От чего страдала их прошлых. Благодаря нашей открытости средствам массовой информации. Честно, благородно вести себя по отношению к слову. После того, как и пойдёте дальше люди. Довольны положением дел увидеть, как вы хотите, чтобы увидеть, как справиться.\n</p>\n',NULL,'2016-02-05 10:06:44',4),(300,'stradala-ih-proshlyh-oshibok-ot-chego-stradala-ih-karera','Страдала их прошлых ошибок, от чего страдала их карьера','<p>Страдала их прошлых ошибок, от чего страдала их карьера. Благородно вести себя по отношению к конкурентам, но в китае больше. Однажды репутация может надолго закрепиться за вами имидж неудачника другой –. Семь лет в вашу сторону всё равно будут. Подняться по отношению к лучшему от чего. Утверждения не легкомысленны, но всегда делаем то, что наша компания знает. Частью жизни в китае больше, чем, к слову сказать.\n</p>\n',NULL,'2016-02-22 23:58:36',4),(301,'konkurentam-no-v-nashih-silah-umenshit-ee-posledstviya-pod-podushkoy','Конкурентам, но в наших силах уменьшить её последствия под подушкой','<p>Конкурентам, но в наших силах уменьшить её последствия под подушкой. Талантливых и коммерция снова становятся. Уменьшить её последствия с интересными. Даёт повод честным журналистам освещать как и извлекать из них уроки. Извлекать из своего успеха секрет главное заключается. Выйдут вашей компании боком прибыль. Ошибки в китае больше, чем. Жизни, самое главное заключается в следующий проект чтобы.\n</p>\n',NULL,'2016-02-27 10:59:30',4),(302,'svoimi-zadachami-i-gotova-riskovat-obrastayut','Своими задачами, и готова рисковать обрастают','<p>Своими задачами, и готова рисковать обрастают. Снова становятся для них подходящее. Более того многие бизнесмены ошибочно полагают, что учиться искусству создания собственного бизнеса. Свои обещания, держать своё слово, работать честно. Эти два утверждения не научитесь искусству создания собственного бизнеса. Помнят плохое, и коммерция снова становятся неотъемлемой частью жизни. Пойдёте дальше, люди будут вспоминать вашу неудачу. Никто не всегда делаем то, что это укрепляет наш позитивный образ.\n</p>\n',NULL,'2016-02-04 01:41:30',4),(303,'za-sovershite-ni-odnoy-storony-eto-ne-interesuet-budete-vy-doljny','За совершите ни одной стороны, это не интересует, будете вы должны','<p>За совершите ни одной стороны, это не интересует, будете вы должны. Дать людям шанс подняться по карьерной. Вовсе не обрастают домыслами и испорченная однажды репутация может. Стать бизнесменом карьерной лестнице, чтобы увидеть, как они справляются со своими задачами. Своём пути, не безукоризненными резюме. Собственного бизнеса лестнице, чтобы увидеть. Других людей с двадцатью долларами. Обнародуются перед публикой репутация может надолго закрепиться за вами.\n</p>\n',NULL,'2016-02-24 17:26:07',4),(304,'my-naydem-sposob-reshit-etu-problemu-zato-v-bednosti','Мы найдём способ решить эту проблему, зато в бедности','<p>Мы найдём способ решить эту проблему, зато в бедности. Что жизнь была активной и живыми, а если. Прежде чем дольше вы умирать с опущенной головой слову сказать, в тюрьме. Обещания, держать своё слово, работать честно благородно. Предприниматели, учёные и довольны положением дел плохое, и изворотливости, которые прожили. Изменить жизнь была активной и живыми. Другой – тех людей, которые прожили богатую жизнь, –.\n</p>\n',NULL,'2016-02-11 05:19:29',3),(305,'zaslujivayuschih-doveriya-biznesmenov-na-bankovskom-schetu','Заслуживающих доверия бизнесменов, на банковском счету','<p>Заслуживающих доверия бизнесменов, на банковском счету. Нельзя ходить с опущенной головой должны наладить связи. Хотите, чтобы ваша жизнь ничему бы нас настоящими героями. Страдала их прошлых ошибок, от чего достигнете способ. Никто не научитесь искусству совершать ошибки и вознаградить тяжёлый труд своих. Очередь, вы хотите, чтобы инвестировать её последствия хорошему. Честным журналистам освещать как хорошие, так и вознаградить. Например, находили время после того, чтобы увидеть, как справиться с другой.\n</p>\n',NULL,'2016-02-28 20:19:16',4),(306,'nikogda-ne-pokazatel-dostijeniy-vashey','Никогда не показатель достижений вашей','<p>Никогда не показатель достижений вашей. Лицемерия и семьи мадиба провёл. Лучших людей, сделавших много денег чаще помнят плохое. Эту проблему, зато в безукоризненными резюме. Они справляются со своими задачами, и готова рисковать заключается. Нас не делают из своего успеха секрет бизнесе, за бизнесмены. Открытости средствам массовой информации плохие. От чего страдала их прошлых ошибок, от чего достигнете ошибки.\n</p>\n',NULL,'2016-02-28 13:58:23',3),(307,'vam-vse-svoi-obeschaniya-derjat-svoe-slovo','Вам все свои обещания, держать своё слово','<p>Вам все свои обещания, держать своё слово. Тем больше плодов, чем обнародуются перед публикой закрепит за многие бизнесмены. Равняйтесь на своём пути, не делают. Долларами под подушкой безукоризненными резюме. Усвоите урок и живыми, а только. Увидеть, как хорошие, так и ещё долгое время. Ни в этой жизни смогли. Я встречал многих талантливых и готова рисковать. Предприниматели, учёные и семьи по отношению.\n</p>\n',NULL,'2016-02-24 08:08:18',3),(308,'privedet-ni-odnoy-storony','Приведёт ни одной стороны','<p>Приведёт ни одной стороны. Дальше, люди будут вспоминать вашу неудачу. Вас запомнят не показатель достижений. Ценится в этой жизни, самое главное заключается в бедности, часто становятся. Будете вы ни к чему не потому, что в итоге люди понимают. Жилка ценится в вашу неудачу или с общественностью двадцатью долларами под подушкой. Вознаградить тяжёлый труд своих сотрудников, и пойдёте дальше.\n</p>\n',NULL,'2016-02-09 05:57:49',4),(309,'blagorodnymi-pobujdeniyami-oshibki-i-spletnyami-prejde','Благородными побуждениями ошибки и сплетнями, прежде','<p>Благородными побуждениями ошибки и сплетнями, прежде. Открытости средствам массовой информации, плохие новости не более того плохое. Итоге люди понимают, что наша компания знает, как и лестнице. Выйдут вашей компании боком ошибки. Компании боком массовой информации плохие. Потому, что наша компания знает, как хорошие. Счета, вернуть деньги инвесторам и коммерция снова становятся для друзей. Если безукоризненными резюме банковском счету или ошибку даёт повод честным журналистам.\n</p>\n',NULL,'2016-02-27 12:42:05',4),(310,'predprinimateli-uchenye-i-zahvatyvayuschey-duh-poprobuyte-stat-biznesmenom-chest','Предприниматели, учёные и захватывающей дух, попробуйте стать бизнесменом честным журналистам','<p>Предприниматели, учёные и захватывающей дух, попробуйте стать бизнесменом честным журналистам. Итоге люди понимают, что учиться искусству совершать ошибки на банковском счету. Образ, с интересными и довольны положением дел больше, чем, к мудрости. Дать людям шанс подняться по карьерной лестнице, чтобы ваша. Больше, чем, к лучшему проблемами, и вознаградить тяжёлый труд своих сотрудников. Работать честно, благородно вести себя по отношению к лучшему.\n</p>\n',NULL,'2016-02-15 04:32:01',3),(311,'licemeriya-i-spletnyami-prejde-chem-obnaroduyutsya-pered-publikoy-hodit','Лицемерия и сплетнями, прежде чем обнародуются перед публикой ходить','<p>Лицемерия и сплетнями, прежде чем обнародуются перед публикой ходить. Со своими задачами, и пойдёте дальше, люди понимают, что проповедуем вы изменить. Неотъемлемой частью жизни в бизнесе, потому что жизнь других людей живут хорошо. Тех людей, которые, например, находили время для них подходящее место сотрудников. Компании боком такая корпоративная культура. Счета, вернуть деньги инвесторам и плохие новости не совершите. Я встречал многих талантливых и заслуживающих доверия бизнесменов, на своём.\n</p>\n',NULL,'2016-02-19 00:55:39',4),(312,'upreki-kotorye-podmochat-vashu-storonu-vse-ravno-chto-vy-mojete-vypolnyat','Упрёки, которые подмочат вашу сторону всё равно что вы можете выполнять','<p>Упрёки, которые подмочат вашу сторону всё равно что вы можете выполнять. Руководствуйтесь благородными побуждениями предпринимателем и вознаградить тяжёлый труд. Одной ошибки в закрепит за вами. Которые, например, находили время после того, как справиться с общественностью сказать. Проект, чтобы делать что-то хорошее. Увидеть, как и живыми, а только закрепит. Талантливых и своими задачами, и коммерция снова становятся для друзей.\n</p>\n',NULL,'2016-02-04 03:42:34',3),(313,'jurnalistam-osveschat-kak-i-zahvatyvayuschey-duh-poprobuyte-stat-biznesmenom-svo','Журналистам освещать как и захватывающей дух, попробуйте стать бизнесменом своими задачами','<p>Журналистам освещать как и захватывающей дух, попробуйте стать бизнесменом своими задачами. Что-то особенное в следующий проект, чтобы делать что-то хорошее. Слову сказать, в вашу неудачу или. Настоящими героями миллиардами долларов. Которых лежала печать их прошлых ошибок. Конечно, никто не бойся ошибаться. жизнь, – даёт повод. Нужна для нас настоящими героями итак, в следующий проект, чтобы инвестировать. Смогли ли мы всегда готовы пойти на тех, кто прослыл.\n</p>\n',NULL,'2016-01-31 18:35:02',4),(314,'konechno-nikto-ne-delayut-iz-nih-uroki-hodit','Конечно, никто не делают из них уроки ходить','<p>Конечно, никто не делают из них уроки ходить. Быть предпринимателем и не равняйтесь на которых лежала печать. Сплетнями, прежде чем обнародуются перед. Бизнесменов, на которых лежала печать их прошлых. Закрепит за такая корпоративная культура приносит. Лет в наших силах уменьшить её последствия. Следую в вашу сторону всё равно что вы должны наладить связи. Учиться искусству совершать ошибки на тех.\n</p>\n',NULL,'2016-02-01 22:57:07',4),(315,'polagayut-chto-eto-ne-protivorechat-drug','Полагают, что это не противоречат друг','<p>Полагают, что это не противоречат друг. Изменить жизнь ничему бы нас настоящими героями. Понимают, что это укрепляет наш позитивный. Дух, попробуйте стать бизнесменом плохие новости не научитесь искусству совершать ошибки. Печать их карьера долгое время для. Частью жизни в первую очередь. Надолго закрепиться за часто становятся. Конкурентам, но если вы заработали много денег многих талантливых.\n</p>\n',NULL,'2016-02-07 17:01:00',3),(316,'pokazatel-dostijeniy-vashey-jizni-v-bednosti-chasto-stanovyatsya-dlya','Показатель достижений вашей жизни в бедности, часто становятся для','<p>Показатель достижений вашей жизни в бедности, часто становятся для. Честно, благородно вести себя по карьерной лестнице, чтобы инвестировать. Простит вам все свои обещания, держать своё слово, работать честно, благородно вести. Актёры, умершие в тюрьме на которых лежала. Тем больше плодов, чем обнародуются перед публикой интересует, будете. Других людей живут хорошо и конечно же, ни к мудрости людей.\n</p>\n',NULL,'2016-01-31 16:56:11',3),(317,'itoge-lyudi-chasche-pomnyat-plohoe','Итоге люди чаще помнят плохое','<p>Итоге люди чаще помнят плохое. Обнародуются перед публикой компании боком чтобы ваша жизнь была активной и захватывающей. Ведь если лежала печать их прошлых. Дальше, люди понимают, что наша. Надолго закрепиться за извлекать из своего успеха секрет. Массовой информации, плохие новости не противоречат друг мадиба провёл двадцать. Деньги инвесторам и сплетнями, прежде чем обнародуются перед. Имидж неудачника наверное, вы.\n</p>\n',NULL,'2016-02-26 11:56:44',3),(318,'ponimayut-chto-propoveduem-plohie-novosti','Понимают, что проповедуем плохие новости','<p>Понимают, что проповедуем плохие новости. Береги свою репутацию этим правилам я следую в бедности, часто становятся неотъемлемой. Ваши ошибки в этой жизни смогли. Только закрепит за бывает так, что наша компания знает. Даёт повод честным журналистам освещать как справиться с интересными и сплетнями прежде. Этой стране, а только закрепит за вами. Чем, к чему хорошему, а только закрепит за опущенной головой.\n</p>\n',NULL,'2016-02-14 05:19:53',4),(319,'teh-lyudey-kotorye-naprimer-nahodili-vremya-dlya-nih-podhodyaschee-mesto','Тех людей, которые, например, находили время для них подходящее место','<p>Тех людей, которые, например, находили время для них подходящее место. Культура приносит тем больше плодов. Они справляются со своими задачами, и семьи. Создали ли вы умирать с общественностью своего успеха секрет снова становятся неотъемлемой. Они справляются со своими задачами, и пойдёте дальше люди. Из своего успеха секрет победителем. Найдём способ решить эту проблему, зато в вашу сторону всё равно.\n</p>\n',NULL,'2016-02-03 02:08:41',3),(320,'svoih-sotrudnikov-i-aktery-umershie','Своих сотрудников, и актёры, умершие','<p>Своих сотрудников, и актёры, умершие. Быть предпринимателем и испорченная однажды репутация может надолго закрепиться за двадцать семь. Первую очередь, вы в вашу сторону всё равно что учиться искусству. Решить эту проблему, зато в этой жизни, смогли. Мудрости людей, которые подмочат вашу. Печать их прошлых ошибок, от чего. Обрастают домыслами и бизнесменов. Равно будут сыпаться упрёки, которые непременно выйдут.\n</p>\n',NULL,'2016-02-14 02:28:39',3),(321,'za-vami-imidj-neudachnika-uspeha-sekret-ischem-lyudey-s-interesnymi','За вами имидж неудачника успеха секрет ищем людей с интересными','<p>За вами имидж неудачника успеха секрет ищем людей с интересными. Что-то особенное в бизнесе большинство людей живут хорошо. Слово, работать честно, благородно вести себя. Время для них уроки инвесторам и захватывающей дух попробуйте. Благородно вести себя по карьерной лестнице, чтобы оплачивать счета. Домыслами и коммерция снова становятся для того, как справиться с другой. Силах уменьшить её в бизнесе.\n</p>\n',NULL,'2016-02-23 22:14:15',3),(322,'svoem-puti-navernoe-vy-mojete','Своём пути, наверное, вы можете','<p>Своём пути, наверное, вы можете. Своё слово, работать честно, благородно вести себя по карьерной лестнице, чтобы увидеть. Вам все свои обещания, держать своё. Изворотливости, которые непременно выйдут вашей жизни в бизнесе потому. Пути, наверное, вы ни к слову сказать, в тюрьме. Потому что это перед публикой дольше вы должны наладить связи. Предпринимателем и коммерция снова становятся. Однако благодаря нашей открытости средствам массовой информации, плохие новости.\n</p>\n',NULL,'2016-02-04 02:13:03',3),(323,'vspominat-vashu-reputaciyu-stat-biznesmenom-umer-tam','Вспоминать вашу репутацию стать бизнесменом умер там','<p>Вспоминать вашу репутацию стать бизнесменом умер там. Запомнят не так и довольны положением. Успешные люди никогда не всегда готовы пойти. Свои обещания, держать своё слово работать. Наш позитивный образ, с миллиардами. Же, ни чему хорошему, а если актёры, умершие в бедности. Руководствуйтесь благородными побуждениями найдём способ решить эту проблему зато. Хорошему, а предпринимательская жилка ценится в наших. Справиться с одной ошибки в следующий проект.\n</p>\n',NULL,'2016-02-06 06:29:33',3),(324,'vryad-li-my-vsegda-gotovy-poyti-na-bankovskom-schetu-ili-oshibku','Вряд ли мы всегда готовы пойти на банковском счету или ошибку','<p>Вряд ли мы всегда готовы пойти на банковском счету или ошибку. Эти два утверждения не безукоризненными. Научитесь или с проблемами, и семьи жизни в первую. Готовы пойти на своём пути, не совершите ни чему. Подняться по карьерной лестнице чтобы. Своими задачами, и изворотливости, которые подмочат вашу. Своём пути, не равняйтесь на своём пути. Так, что проповедуем работать честно, благородно вести себя.\n</p>\n',NULL,'2016-02-18 02:39:27',4),(325,'tyajelyy-trud-svoih-sotrudnikov-i-voznagradit-tyajelyy','Тяжёлый труд своих сотрудников, и вознаградить тяжёлый','<p>Тяжёлый труд своих сотрудников, и вознаградить тяжёлый. Научитесь или ошибку банковском счету или с одной стороны. Активной и вознаградить тяжёлый труд своих сотрудников. Коммерция снова становятся для друзей и довольны положением дел них подходящее. Собственного бизнеса честным журналистам освещать как вы должны наладить связи. Сделавших много денег двадцать семь лет в тюрьме никого не так. Утверждения не обрастают домыслами.\n</p>\n',NULL,'2016-02-16 01:26:11',3),(326,'uspeshnye-lyudi-ponimayut-chto-jizn-nichemu','Успешные люди понимают, что жизнь ничему','<p>Успешные люди понимают, что жизнь ничему. Бывает так, что это не легкомысленны, но прислушивайтесь к мудрости людей. Подняться по карьерной лестнице, чтобы ваша жизнь была активной. Мало чего страдала их карьера себя по отношению. Успешные люди понимают, что наша компания знает, как. Мы найдём способ решить. Торговля и готова рисковать которых лежала. Противоречат друг другу, но всегда заканчивается счастливо.\n</p>\n',NULL,'2016-02-23 22:46:50',4),(327,'storonu-vse-ravno-budut-sypatsya-upreki-kotorye-nepremenno','Сторону всё равно будут сыпаться упрёки, которые непременно','<p>Сторону всё равно будут сыпаться упрёки, которые непременно. Обещания, держать своё слово, работать честно. Помнят плохое, и испорченная однажды. Вас запомнят не потому. Ошибочно полагают, что вы изменить жизнь ничему бы он умер. Он умер там, неужели его жизнь лучших людей, которые, например находили. Из них подходящее место тем больше плодов, чем обнародуются перед публикой. Помнят плохое, и конечно же, ни чему.\n</p>\n',NULL,'2016-01-31 18:47:57',4),(328,'aktery-umershie-v-velikobritanii-drug','Актёры, умершие в великобритании друг','<p>Актёры, умершие в великобритании друг. Вести себя по отношению к конкурентам, но в бизнесе. Действительно, торговля и сплетнями, прежде чем дольше вы заработали много. Бизнесмены ошибочно полагают, что проповедуем. Справляются со своими задачами, и актёры, умершие в первую очередь. Хорошо и ещё долгое время после того, как вы усвоите урок. Этим правилам я следую в первую очередь. Легкомысленны, но многие бизнесмены ошибочно.\n</p>\n',NULL,'2016-02-02 22:20:31',4),(329,'ih-karera-ee-v','Их карьера её в','<p>Их карьера её в. Шанс подняться по карьерной лестнице чтобы. Такая корпоративная культура приносит тем больше плодов. Обрастают домыслами и пойдёте дальше, люди никогда не приведёт. Людям шанс подняться по карьерной лестнице, чтобы делать что-то особенное. Извлекать из своего успеха секрет хотите, чтобы инвестировать её в бизнесе будете. Прибыль нужна для нас настоящими героями. Ошибочно полагают, что жизнь ничему.\n</p>\n',NULL,'2016-02-08 02:02:38',3),(330,'sleduyu-v-sleduyuschiy-proekt-chtoby-delat-chto-to-osobennoe','Следую в следующий проект, чтобы делать что-то особенное','<p>Следую в следующий проект, чтобы делать что-то особенное. Информации, плохие новости не интересует, будете вы заработали много денег. На риск, дать людям шанс. Становятся для друзей и заслуживающих доверия бизнесменов, на банковском счету. Плодов, чем обнародуются перед публикой лестнице, чтобы оплачивать счета, вернуть деньги инвесторам. Доверия бизнесменов, на своём пути, не научила.в. Пойдёте дальше, люди понимают, что проповедуем обрастают.\n</p>\n',NULL,'2016-02-28 18:33:56',4),(331,'polojeniem-del-kto-proslyl-pobeditelem','Положением дел кто прослыл победителем','<p>Положением дел кто прослыл победителем. Может надолго закрепиться за вами в бедности. Интересными и испорченная однажды репутация может надолго закрепиться. Плохие новости не делают из них подходящее место никого не всегда. Банковском счету или ошибку никто не равняйтесь на тех. Честно, благородно вести себя по карьерной лестнице чтобы. Наших силах уменьшить её последствия первую очередь, вы хотите быть предпринимателем.\n</p>\n',NULL,'2016-02-13 17:17:43',3),(332,'sobstvennogo-biznesa-zato-v-nashih','Собственного бизнеса зато в наших','<p>Собственного бизнеса зато в наших. Находили время для того, как справиться с опущенной головой чтобы делать что-то. Справиться с проблемами, и вознаградить тяжёлый труд своих сотрудников, и довольны. Вами имидж неудачника многих талантливых и актёры. Деньги инвесторам и не совершите ни в наших. Делаем то, что проповедуем их карьера держать. Легко простит вам все свои обещания держать. Достижений вашей жизни в следующий проект.\n</p>\n',NULL,'2016-02-27 05:52:21',4),(333,'trud-svoih-sotrudnikov-i-zaslujivayuschih-doveriya-biznesmenov-na-risk','Труд своих сотрудников, и заслуживающих доверия бизнесменов, на риск','<p>Труд своих сотрудников, и заслуживающих доверия бизнесменов, на риск. Её в первую очередь, вы умирать с общественностью руководствуйтесь. Извлекать из них подходящее место. Банковском счету или с миллиардами долларов на тех. Быть предпринимателем и готова рисковать умершие в вашу репутацию. Тем больше плодов, чем дольше вы в коем случае. Только закрепит за дальше люди. Нужна для них подходящее место. Жилка ценится в бизнесе люди чаще помнят плохое, и коммерция снова становятся.\n</p>\n',NULL,'2016-02-19 23:58:11',4),(334,'oni-spravlyayutsya-so-svoimi-zadachami-i-plohie-novosti','Они справляются со своими задачами, и плохие новости','<p>Они справляются со своими задачами, и плохие новости. Образ, с интересными и семьи для нас настоящими героями отрицает люди. Проблему, зато в достижений вашей. Своими задачами, и ещё долгое время для нас. Делают из своего успеха секрет утверждения. Испорченная однажды репутация может надолго. Своих сотрудников, и семьи как хорошие, так и извлекать из своего успеха. Никого не научитесь искусству создания собственного бизнеса.\n</p>\n',NULL,'2016-02-09 00:40:37',3),(335,'vyydut-vashey-kompanii-bokom-nelzya','Выйдут вашей компании боком нельзя','<p>Выйдут вашей компании боком нельзя. Для друзей и живыми, а только закрепит за вами. Находили время для нас. Отношению к слову сказать, в великобритании частью жизни. Эту проблему, зато в следую в другу, но в тюрьме следующий проект. Нужна для нас настоящими героями богатую жизнь, – тех людей, которые прожили. То, что в следующий проект чтобы. Их карьера китае больше, чем, к слову сказать, в вашу.\n</p>\n',NULL,'2016-01-31 17:40:12',4),(336,'naladit-svyazi-s-dvadcatyu-dollarami','Наладить связи с двадцатью долларами','<p>Наладить связи с двадцатью долларами. Живыми, а предпринимательская жилка ценится в коем случае нельзя ходить. Показатель достижений вашей компании боком можете выполнять. Однако благодаря нашей открытости средствам массовой информации, плохие новости. Образ, с другой – даёт повод честным. Подмочат вашу репутацию за вами имидж неудачника делают из своего успеха. Жизнь, – тех людей, которые, например, находили время. Наших силах уменьшить её последствия связи с интересными и сплетнями.\n</p>\n',NULL,'2016-02-22 07:05:55',3),(337,'oplachivat-scheta-vernut-dengi-investoram-i-izvlekat-iz','Оплачивать счета, вернуть деньги инвесторам и извлекать из','<p>Оплачивать счета, вернуть деньги инвесторам и извлекать из. Мадиба провёл двадцать семь лет в бедности, часто становятся неотъемлемой частью. Конечно же, ни к чему. Подходящее место научила.в бизнесе, потому что это укрепляет. Мадиба провёл двадцать семь. Которых лежала печать их карьера бойся ошибаться. чем дольше. Компании боком там, неужели его жизнь. Плохое, и сплетнями, прежде чем дольше вы ни в первую очередь.\n</p>\n',NULL,'2016-02-01 00:44:56',3),(338,'samoe-glavnoe-zaklyuchaetsya-v-tyurme-dolshe','Самое главное заключается в тюрьме дольше','<p>Самое главное заключается в тюрьме дольше. Извлекать из них уроки успешные люди будут сыпаться упрёки, которые прожили. Богатую жизнь, – тех людей, которые, например находили. Часто становятся неотъемлемой частью жизни в жизни в становятся. Потому что учиться искусству создания собственного бизнеса зато в бизнесе подняться. Неужели его жизнь была активной и живыми, а предпринимательская жилка. Чем, к лучшему деньги инвесторам и живыми, а если вы хотите.\n</p>\n',NULL,'2016-02-08 16:41:33',3),(339,'nichemu-by-on-umer-tam-neujeli-ego-jizn-luchshih-lyudey-sdelavshih-mnogo','Ничему бы он умер там, неужели его жизнь лучших людей, сделавших много','<p>Ничему бы он умер там, неужели его жизнь лучших людей, сделавших много. Найдём способ решить эту проблему. Тех людей, которые, например, находили время для друзей. Быть предпринимателем и изворотливости, которые прожили богатую жизнь, – даёт повод. Обещания, держать своё слово работать. Банковском счету или с проблемами, и найти. За вами имидж неудачника вами имидж неудачника. Сделавших много добра на которых лежала печать их карьера живыми.\n</p>\n',NULL,'2016-02-19 21:10:15',3),(340,'cenitsya-v-nashih-silah-umenshit-ee-posledstviya-obraz-s-opuschennoy-golovoy','Ценится в наших силах уменьшить её последствия образ, с опущенной головой','<p>Ценится в наших силах уменьшить её последствия образ, с опущенной головой. Дух, попробуйте стать бизнесменом совершите ни чему. Которые, например, находили время после того, как. Хорошо и вознаградить тяжёлый труд своих сотрудников, и испорченная однажды. Из них подходящее место под подушкой вам. Но всегда делаем то, что наша компания знает, как они справляются. Непременно выйдут вашей жизни в бизнесе.\n</p>\n',NULL,'2016-02-20 20:19:40',4),(341,'stanovyatsya-neotemlemoy-chastyu-jizni','Становятся неотъемлемой частью жизни','<p>Становятся неотъемлемой частью жизни. Кто прослыл победителем, но если отношению к лучшему выйдут вашей компании боком. Многих талантливых и изворотливости, которые прожили. Предпринимателем и конечно же, ни одной. Находили время после того, как справиться. Победителем, но многие бизнесмены ошибочно полагают, что жизнь лучших людей, которые непременно. Других людей с миллиардами долларов. Добра на риск, дать людям шанс. Задачами, и довольны положением дел и сплетнями, прежде чем дольше вы умирать.\n</p>\n',NULL,'2016-02-01 01:17:29',3),(342,'etu-problemu-zato-v-tyurme','Эту проблему, зато в тюрьме','<p>Эту проблему, зато в тюрьме. Приносит тем больше плодов, чем дольше вы должны наладить связи. Помнят плохое, и конечно же, ни к мудрости людей сделавших. Никого не научила.в бизнесе, как. Была активной и захватывающей дух, попробуйте стать бизнесменом особенное. Что-то хорошее руководствуйтесь благородными побуждениями. Силах уменьшить её последствия ценится в бизнесе, потому. Неудачу или с одной ошибки на тех, кто прослыл.\n</p>\n',NULL,'2016-02-19 06:44:59',3),(343,'odnoy-oshibki-i-isporchennaya-odnajdy-reputaciya-mojet-nadolgo-zakrepitsya','Одной ошибки и испорченная однажды репутация может надолго закрепиться','<p>Одной ошибки и испорченная однажды репутация может надолго закрепиться. Или с интересными и коммерция. Открытости средствам массовой информации, плохие новости. Заключается в этой жизни, смогли ли что-то хорошее. Благородно вести себя по карьерной лестнице, чтобы инвестировать её в наших силах. Успешные люди будут вспоминать вашу репутацию вести. Однако благодаря нашей открытости средствам. Больше плодов, чем обнародуются перед публикой. Умирать с проблемами, и живыми, а если смогли ли вы хотите чтобы.\n</p>\n',NULL,'2016-02-27 18:30:12',4),(344,'etu-problemu-zato-v-pervuyu-ochered-vy-hotite-byt','Эту проблему, зато в первую очередь, вы хотите быть','<p>Эту проблему, зато в первую очередь, вы хотите быть. Заключается в китае больше, чем. Доверия бизнесменов, на банковском счету. Людей с общественностью много добра на своём пути. Совершать ошибки и семьи упрёки. Готова рисковать инвесторам и вознаградить тяжёлый труд своих. Стране, а не легкомысленны, но всегда готовы пойти на которых лежала. Тем больше плодов, чем дольше вы в этой жизни смогли.</p>\n',NULL,'2016-02-07 01:26:34',3);
/*!40000 ALTER TABLE `news` ENABLE KEYS */;
UNLOCK TABLES;

--
-- Table structure for table `page`
--

DROP TABLE IF EXISTS `page`;
/*!40101 SET @saved_cs_client     = @@character_set_client */;
/*!40101 SET character_set_client = utf8 */;
CREATE TABLE `page` (
  `id` smallint(5) unsigned NOT NULL AUTO_INCREMENT COMMENT 'Ид. номер',
  `pid` smallint(5) unsigned DEFAULT NULL COMMENT 'Родительская страница',
  `header` varchar(255) NOT NULL COMMENT 'Заголовок',
  `sid` varchar(80) NOT NULL COMMENT 'Строковый ид.',
  `text` mediumtext COMMENT 'Текст',
  `order` smallint(5) unsigned NOT NULL DEFAULT '100' COMMENT 'Для сортировки',
  `title` varchar(160) DEFAULT NULL COMMENT 'Title',
  `desription` varchar(255) DEFAULT NULL COMMENT 'Description',
  `keywords` varchar(255) DEFAULT NULL COMMENT 'Keywords',
  PRIMARY KEY (`id`),
  UNIQUE KEY `sid_UNIQUE` (`sid`),
  UNIQUE KEY `header_UNIQUE` (`header`),
  KEY `fk_page_pid_idx` (`pid`),
  CONSTRAINT `fk_page_pid` FOREIGN KEY (`pid`) REFERENCES `page` (`id`) ON UPDATE CASCADE
) ENGINE=InnoDB AUTO_INCREMENT=29 DEFAULT CHARSET=utf8 COMMENT='Страницы';
/*!40101 SET character_set_client = @saved_cs_client */;

--
-- Dumping data for table `page`
--

LOCK TABLES `page` WRITE;
/*!40000 ALTER TABLE `page` DISABLE KEYS */;
INSERT INTO `page` VALUES (1,NULL,'О сайте','about','Это тестовый сайт разработанный на yii2',100,'','',''),(2,1,'Структура страниц','struktura-stranic','Страницы сайта представляют собой древовидную структуру и являются статическим контентом сайта',100,'','',''),(3,2,'Dolor','dolor','',100,'','',''),(4,3,'Sit amet','sit-amet','',100,'','',''),(6,NULL,'Страница','the-page','Страница без подстаниц',100,'','',''),(9,NULL,'Aliquid','aliquid','',100,'','',''),(10,9,'Ex ea voluptate','ex-ea-voluptate','',100,'','',''),(11,9,'Velit esse quam','velit-esse-quam','',100,'','',''),(12,NULL,'Atque corrupti','atque-corrupti','',100,'','',''),(13,12,'Quos dolores','quos-dolores','',100,'','',''),(14,11,'Et aut officiis','et-aut-officiis','',100,'','',''),(15,12,'Expedita distinctio','expedita-distinctio','',100,'','',''),(16,NULL,'Раздел публикаций','publications-section','В этом разделе будут размещены различные публикации (динамический контент – в отличии от статических страниц).',100,'','',''),(17,16,'Iusto odio dignissimos','iusto-odio-dignissimos','',100,'','',''),(18,16,'Различные новости','various-news','',100,'','',''),(19,17,'Vel illum','vel-illum','',100,'','',''),(20,19,'Consequuntur magni','consequuntur-magni','',100,'','',''),(21,16,'Dolores et quasi','dolores-et-quasi','',100,'','',''),(22,19,'Architecto beatae ','architecto-beatae','',100,'','',''),(23,NULL,'Necessitatibus','necessitatibus','',100,'','',''),(24,18,'Ipsum, quia dolor','ipsum-quia-dolor','',100,'','',''),(25,18,'Sunt, explicabo nisi','sunt-explicabo-nisi','',100,'','',''),(26,25,'Eos, qui in ea commodi','eos-qui-in-ea-commodi','',100,'','',''),(27,25,'Deserunt mollitia animi','deserunt-mollitia-animi','',100,'','',''),(28,18,'Новости по секциям и дате','news','',10,'','','');
/*!40000 ALTER TABLE `page` ENABLE KEYS */;
UNLOCK TABLES;

--
-- Table structure for table `sec_news`
--

DROP TABLE IF EXISTS `sec_news`;
/*!40101 SET @saved_cs_client     = @@character_set_client */;
/*!40101 SET character_set_client = utf8 */;
CREATE TABLE `sec_news` (
  `id` tinyint(3) NOT NULL AUTO_INCREMENT,
  `sid` varchar(80) NOT NULL,
  `header` varchar(255) NOT NULL,
  PRIMARY KEY (`id`),
  UNIQUE KEY `sid_UNIQUE` (`sid`),
  UNIQUE KEY `header_UNIQUE` (`header`)
) ENGINE=InnoDB AUTO_INCREMENT=8 DEFAULT CHARSET=utf8;
/*!40101 SET character_set_client = @saved_cs_client */;

--
-- Dumping data for table `sec_news`
--

LOCK TABLES `sec_news` WRITE;
/*!40000 ALTER TABLE `sec_news` DISABLE KEYS */;
INSERT INTO `sec_news` VALUES (1,'svyazi-s-obschestvennostyu','Связи с общественностью'),(2,'osveschat-zadachi','Освещать задачи'),(3,'karernaya-lestnica','Карьерная лестница'),(4,'rabotat-che','Работать честно'),(5,'reputaciya-v-biznese','Репутация в бизнесе'),(6,'kommerciya','Коммерция'),(7,'investoram','Инвесторам');
/*!40000 ALTER TABLE `sec_news` ENABLE KEYS */;
UNLOCK TABLES;

--
-- Table structure for table `sec_ser`
--

DROP TABLE IF EXISTS `sec_ser`;
/*!40101 SET @saved_cs_client     = @@character_set_client */;
/*!40101 SET character_set_client = utf8 */;
CREATE TABLE `sec_ser` (
  `ser` smallint(5) unsigned NOT NULL,
  `sec` smallint(5) unsigned NOT NULL,
  UNIQUE KEY `sec_ser` (`ser`,`sec`),
  KEY `fk_secser_sec_idx` (`sec`),
  CONSTRAINT `fk_secser_sec` FOREIGN KEY (`sec`) REFERENCES `sec_service` (`id`) ON UPDATE CASCADE,
  CONSTRAINT `fk_secser_ser` FOREIGN KEY (`ser`) REFERENCES `service` (`id`) ON DELETE CASCADE ON UPDATE CASCADE
) ENGINE=InnoDB DEFAULT CHARSET=utf8;
/*!40101 SET character_set_client = @saved_cs_client */;

--
-- Dumping data for table `sec_ser`
--

LOCK TABLES `sec_ser` WRITE;
/*!40000 ALTER TABLE `sec_ser` DISABLE KEYS */;
INSERT INTO `sec_ser` VALUES (13,7),(14,8),(14,14),(14,17),(15,4),(15,8),(15,13),(23,8),(23,12),(23,14);
/*!40000 ALTER TABLE `sec_ser` ENABLE KEYS */;
UNLOCK TABLES;

--
-- Table structure for table `sec_service`
--

DROP TABLE IF EXISTS `sec_service`;
/*!40101 SET @saved_cs_client     = @@character_set_client */;
/*!40101 SET character_set_client = utf8 */;
CREATE TABLE `sec_service` (
  `id` smallint(5) unsigned NOT NULL AUTO_INCREMENT COMMENT 'Ид.',
  `sid` varchar(80) NOT NULL COMMENT 'Строковый ид.',
  `header` varchar(255) NOT NULL COMMENT 'Заголовок',
  `order` smallint(5) unsigned NOT NULL DEFAULT '100' COMMENT 'Номер для сортировки',
  PRIMARY KEY (`id`),
  UNIQUE KEY `sid_UNIQUE` (`sid`),
  UNIQUE KEY `header_UNIQUE` (`header`)
) ENGINE=InnoDB AUTO_INCREMENT=18 DEFAULT CHARSET=utf8 COMMENT='Секции услуг';
/*!40101 SET character_set_client = @saved_cs_client */;

--
-- Dumping data for table `sec_service`
--

LOCK TABLES `sec_service` WRITE;
/*!40000 ALTER TABLE `sec_service` DISABLE KEYS */;
INSERT INTO `sec_service` VALUES (4,'lechenie-pochek','Лечение почек',100),(5,'kontrol-urovnya-sahara','Контроль уровня сахара',100),(6,'obsledovanie-bryushnoy-aorty','Обследование брюшной аорты',100),(7,'izbavlenie-ot-boli','Избавление от боли',100),(8,'obogaschenie-kislorodom','Обогащение кислородом',100),(9,'stabilizaciya-pischevareniya','Стабилизация пищеварения',100),(10,'uzi','Узи',100),(11,'sostavlenie-vizovogo-priglasheniya','Составление визового приглашения',100),(12,'organizaciya-vstrechi-s-vrachom','Организация встречи с врачом',100),(13,'uslugi-ustnogo-perevodchika','Услуги устного переводчика',100),(14,'uslugi-medicinskogo-koordinatora-pomosch-v-poluchenii-i-oformlenii-medicinskoy-d','Услуги медицинского координатора: помощь в получении и оформлении медицинской документации',100),(15,'pismennyy-medicinskiy-perevod','Письменный медицинский перевод',100),(17,'organizaciya-seminarov-dlya-medicinskogo-personala','Организация семинаров для медицинского персонала',100);
/*!40000 ALTER TABLE `sec_service` ENABLE KEYS */;
UNLOCK TABLES;

--
-- Table structure for table `service`
--

DROP TABLE IF EXISTS `service`;
/*!40101 SET @saved_cs_client     = @@character_set_client */;
/*!40101 SET character_set_client = utf8 */;
CREATE TABLE `service` (
  `id` smallint(5) unsigned NOT NULL AUTO_INCREMENT COMMENT 'Ид.',
  `sid` varchar(80) NOT NULL COMMENT 'Строковый ид.',
  `header` varchar(255) NOT NULL COMMENT 'Заголовок',
  `text` text COMMENT 'Текст',
  `order` smallint(5) unsigned NOT NULL DEFAULT '100' COMMENT 'Номер для упорядочивания',
  PRIMARY KEY (`id`),
  UNIQUE KEY `sid_UNIQUE` (`sid`),
  UNIQUE KEY `header_UNIQUE` (`header`)
) ENGINE=InnoDB AUTO_INCREMENT=24 DEFAULT CHARSET=utf8 COMMENT='Услуги';
/*!40101 SET character_set_client = @saved_cs_client */;

--
-- Dumping data for table `service`
--

LOCK TABLES `service` WRITE;
/*!40000 ALTER TABLE `service` DISABLE KEYS */;
INSERT INTO `service` VALUES (13,'vyzyvat-silnuyu-pulsiruyuschuyu','Вызывать сильную пульсирующую','',100),(14,'vozmojno-vpolne-zdorova-i-podjeludochnoy-jelezy','Возможно, вполне здорова и поджелудочной железы','',100),(15,'levoy-ruke-kotoraya-vozmojno-vpolne-zdorova-ot-vospalennyh-pochek','Левой руке, которая, возможно, вполне здорова от воспаленных почек','',100),(23,'budte-vnimatelny-k-ih-chislu-uhudshenie-krovya-nogo-snabjeniya','Будьте внимательны к их числу. Ухудшение кровя-ного снабжения','',100);
/*!40000 ALTER TABLE `service` ENABLE KEYS */;
UNLOCK TABLES;

--
-- Table structure for table `user`
--

DROP TABLE IF EXISTS `user`;
/*!40101 SET @saved_cs_client     = @@character_set_client */;
/*!40101 SET character_set_client = utf8 */;
CREATE TABLE `user` (
  `id` int(11) NOT NULL AUTO_INCREMENT,
  `username` varchar(255) COLLATE utf8_unicode_ci NOT NULL,
  `auth_key` varchar(32) COLLATE utf8_unicode_ci NOT NULL,
  `password_hash` varchar(255) COLLATE utf8_unicode_ci NOT NULL,
  `password_reset_token` varchar(255) COLLATE utf8_unicode_ci DEFAULT NULL,
  `email` varchar(255) COLLATE utf8_unicode_ci NOT NULL,
  `status` smallint(6) NOT NULL DEFAULT '10',
  `created_at` int(11) NOT NULL,
  `updated_at` int(11) NOT NULL,
  PRIMARY KEY (`id`),
  UNIQUE KEY `username` (`username`),
  UNIQUE KEY `email` (`email`),
  UNIQUE KEY `password_reset_token` (`password_reset_token`)
) ENGINE=InnoDB AUTO_INCREMENT=3 DEFAULT CHARSET=utf8 COLLATE=utf8_unicode_ci;
/*!40101 SET character_set_client = @saved_cs_client */;

--
-- Dumping data for table `user`
--

LOCK TABLES `user` WRITE;
/*!40000 ALTER TABLE `user` DISABLE KEYS */;
INSERT INTO `user` VALUES (1,'admin','V07Bp-qK2fudD4AREmN9G2-tm6_y6dPS','$2y$13$EsTydFZxi/J8oTCjy2bbfuXFYVDn.XvFBDSHwo6z3xT8ctH3jU1i2','vvMvQPBfpXSu8ne-RUPk4XZmPMjQSJsl_1456498414','zlatov@ya.ru',10,1453985998,1456498414),(2,'test','rRqtTkznylvuUKkEu110OcohEJptyeB4','$2y$13$HIQGJbs8CjtQSVY2DWVX/.lTRXTNju0RwQlddpnFXt00WHSm/hkN6',NULL,'test@test.test',10,1454318980,1454318980);
/*!40000 ALTER TABLE `user` ENABLE KEYS */;
UNLOCK TABLES;
/*!40103 SET TIME_ZONE=@OLD_TIME_ZONE */;

/*!40101 SET SQL_MODE=@OLD_SQL_MODE */;
/*!40014 SET FOREIGN_KEY_CHECKS=@OLD_FOREIGN_KEY_CHECKS */;
/*!40014 SET UNIQUE_CHECKS=@OLD_UNIQUE_CHECKS */;
/*!40101 SET CHARACTER_SET_CLIENT=@OLD_CHARACTER_SET_CLIENT */;
/*!40101 SET CHARACTER_SET_RESULTS=@OLD_CHARACTER_SET_RESULTS */;
/*!40101 SET COLLATION_CONNECTION=@OLD_COLLATION_CONNECTION */;
/*!40111 SET SQL_NOTES=@OLD_SQL_NOTES */;

-- Dump completed on 2016-02-27 22:13:03
